-- MySQL dump 10.13  Distrib 8.0.28, for macos11 (x86_64)
--
-- Host: localhost    Database: lingua_exchange
-- ------------------------------------------------------
-- Server version	8.0.28

/*!40101 SET @OLD_CHARACTER_SET_CLIENT=@@CHARACTER_SET_CLIENT */;
/*!40101 SET @OLD_CHARACTER_SET_RESULTS=@@CHARACTER_SET_RESULTS */;
/*!40101 SET @OLD_COLLATION_CONNECTION=@@COLLATION_CONNECTION */;
/*!50503 SET NAMES utf8mb4 */;
/*!40103 SET @OLD_TIME_ZONE=@@TIME_ZONE */;
/*!40103 SET TIME_ZONE='+00:00' */;
/*!40014 SET @OLD_UNIQUE_CHECKS=@@UNIQUE_CHECKS, UNIQUE_CHECKS=0 */;
/*!40014 SET @OLD_FOREIGN_KEY_CHECKS=@@FOREIGN_KEY_CHECKS, FOREIGN_KEY_CHECKS=0 */;
/*!40101 SET @OLD_SQL_MODE=@@SQL_MODE, SQL_MODE='NO_AUTO_VALUE_ON_ZERO' */;
/*!40111 SET @OLD_SQL_NOTES=@@SQL_NOTES, SQL_NOTES=0 */;

--
-- Table structure for table `countries`
--

DROP TABLE IF EXISTS `countries`;
/*!40101 SET @saved_cs_client     = @@character_set_client */;
/*!50503 SET character_set_client = utf8mb4 */;
CREATE TABLE `countries` (
  `id` bigint NOT NULL AUTO_INCREMENT,
  `name` varchar(100) NOT NULL,
  `iso_code` varchar(10) NOT NULL,
  `created_at` datetime DEFAULT NULL,
  `updated_at` datetime DEFAULT NULL,
  `deleted_at` datetime DEFAULT NULL,
  `visit_name` varchar(100) DEFAULT NULL COMMENT '方便阅读的字段',
  `phone_code` int DEFAULT NULL COMMENT '国家号前缀',
  PRIMARY KEY (`id`),
  UNIQUE KEY `iso_code` (`iso_code`)
) ENGINE=InnoDB AUTO_INCREMENT=198 DEFAULT CHARSET=utf8mb4 COLLATE=utf8mb4_0900_ai_ci;
/*!40101 SET character_set_client = @saved_cs_client */;

--
-- Dumping data for table `countries`
--

LOCK TABLES `countries` WRITE;
/*!40000 ALTER TABLE `countries` DISABLE KEYS */;
INSERT INTO `countries` VALUES (1,'Andorra','AD',NULL,NULL,NULL,'安道尔共和国',376),(2,'United Arab Emirates','AE',NULL,NULL,NULL,'阿拉伯联合酋长国',971),(3,'Afghanistan','AF',NULL,NULL,NULL,'阿富汗',93),(4,'Antigua and Barbuda','AG',NULL,NULL,NULL,'安提瓜和巴布达',1268),(5,'Anguilla','AI',NULL,NULL,NULL,'安圭拉岛',1264),(6,'Albania','AL',NULL,NULL,NULL,'阿尔巴尼亚',355),(7,'Armenia','AM',NULL,NULL,NULL,'亚美尼亚',374),(8,'Ascension','ASC',NULL,NULL,NULL,'阿森松',247),(9,'Angola','AO',NULL,NULL,NULL,'安哥拉',244),(10,'Argentina','AR',NULL,NULL,NULL,'阿根廷',54),(11,'Austria','AT',NULL,NULL,NULL,'奥地利',43),(12,'Australia','AU',NULL,NULL,NULL,'澳大利亚',61),(13,'Azerbaijan','AZ',NULL,NULL,NULL,'阿塞拜疆',994),(14,'Barbados','BB',NULL,NULL,NULL,'巴巴多斯',1246),(15,'Bangladesh','BD',NULL,NULL,NULL,'孟加拉国',880),(16,'Belgium','BE',NULL,NULL,NULL,'比利时',32),(17,'Burkina-faso','BF',NULL,NULL,NULL,'布基纳法索',226),(18,'Bulgaria','BG',NULL,NULL,NULL,'保加利亚',359),(19,'Bahrain','BH',NULL,NULL,NULL,'巴林',973),(20,'Burundi','BI',NULL,NULL,NULL,'布隆迪',257),(21,'Benin','BJ',NULL,NULL,NULL,'贝宁',229),(22,'Palestine','BL',NULL,NULL,NULL,'巴勒斯坦',970),(23,'Bermuda Is.','BM',NULL,NULL,NULL,'百慕大群岛',1441),(24,'Brunei','BN',NULL,NULL,NULL,'文莱',673),(25,'Bolivia','BO',NULL,NULL,NULL,'玻利维亚',591),(26,'Brazil','BR',NULL,NULL,NULL,'巴西',55),(27,'Bahamas','BS',NULL,NULL,NULL,'巴哈马',1242),(28,'Botswana','BW',NULL,NULL,NULL,'博茨瓦纳',267),(29,'Belarus','BY',NULL,NULL,NULL,'白俄罗斯',375),(30,'Belize','BZ',NULL,NULL,NULL,'伯利兹',501),(31,'Canada','CA',NULL,NULL,NULL,'加拿大',1),(32,'Cayman Is.','KY',NULL,NULL,NULL,'开曼群岛',1345),(33,'Central African Republic','CF',NULL,NULL,NULL,'中非共和国',236),(34,'Congo','CG',NULL,NULL,NULL,'刚果',242),(35,'Switzerland','CH',NULL,NULL,NULL,'瑞士',41),(36,'Cook Is.','CK',NULL,NULL,NULL,'库克群岛',682),(37,'Chile','CL',NULL,NULL,NULL,'智利',56),(38,'Cameroon','CM',NULL,NULL,NULL,'喀麦隆',237),(39,'China','CN',NULL,NULL,NULL,'中国',86),(40,'Colombia','CO',NULL,NULL,NULL,'哥伦比亚',57),(41,'Costa Rica','CR',NULL,NULL,NULL,'哥斯达黎加',506),(42,'Czech','CS',NULL,NULL,NULL,'捷克',420),(43,'Cuba','CU',NULL,NULL,NULL,'古巴',53),(44,'Cyprus','CY',NULL,NULL,NULL,'塞浦路斯',357),(45,'Czech Republic','CZ',NULL,NULL,NULL,'捷克',420),(46,'Germany','DE',NULL,NULL,NULL,'德国',49),(47,'Djibouti','DJ',NULL,NULL,NULL,'吉布提',253),(48,'Denmark','DK',NULL,NULL,NULL,'丹麦',45),(49,'Dominican Republic','DO',NULL,NULL,NULL,'多米尼加共和国',1809),(50,'Algeria','DZ',NULL,NULL,NULL,'阿尔及利亚',213),(51,'Ecuador','EC',NULL,NULL,NULL,'厄瓜多尔',593),(52,'Estonia','EE',NULL,NULL,NULL,'爱沙尼亚',372),(53,'Egypt','EG',NULL,NULL,NULL,'埃及',20),(54,'Spain','ES',NULL,NULL,NULL,'西班牙',34),(55,'Ethiopia','ET',NULL,NULL,NULL,'埃塞俄比亚',251),(56,'Finland','FI',NULL,NULL,NULL,'芬兰',358),(57,'Fiji','FJ',NULL,NULL,NULL,'斐济',679),(58,'France','FR',NULL,NULL,NULL,'法国',33),(59,'Gabon','GA',NULL,NULL,NULL,'加蓬',241),(60,'United Kingdom','GB',NULL,NULL,NULL,'英国',44),(61,'Grenada','GD',NULL,NULL,NULL,'格林纳达',1473),(62,'Georgia','GE',NULL,NULL,NULL,'格鲁吉亚',995),(63,'Ghana','GH',NULL,NULL,NULL,'加纳',233),(64,'Gambia','GM',NULL,NULL,NULL,'冈比亚',220),(65,'Guinea','GN',NULL,NULL,NULL,'几内亚',224),(66,'Greece','GR',NULL,NULL,NULL,'希腊',30),(67,'Guatemala','GT',NULL,NULL,NULL,'危地马拉',502),(68,'Guyana','GY',NULL,NULL,NULL,'圭亚那',592),(69,'Hong Kong','HK',NULL,NULL,NULL,'中国香港',852),(70,'Honduras','HN',NULL,NULL,NULL,'洪都拉斯',504),(71,'Haiti','HT',NULL,NULL,NULL,'海地',509),(72,'Hungary','HU',NULL,NULL,NULL,'匈牙利',36),(73,'Indonesia','ID',NULL,NULL,NULL,'印度尼西亚',62),(74,'Ireland','IE',NULL,NULL,NULL,'爱尔兰',353),(75,'Israel','IL',NULL,NULL,NULL,'以色列',972),(76,'India','IN',NULL,NULL,NULL,'印度',91),(77,'Iraq','IQ',NULL,NULL,NULL,'伊拉克',964),(78,'Iran','IR',NULL,NULL,NULL,'伊朗',98),(79,'Iceland','IS',NULL,NULL,NULL,'冰岛',354),(80,'Italy','IT',NULL,NULL,NULL,'意大利',39),(81,'Jamaica','JM',NULL,NULL,NULL,'牙买加',1876),(82,'Jordan','JO',NULL,NULL,NULL,'约旦',962),(83,'Japan','JP',NULL,NULL,NULL,'日本',81),(84,'Kenya','KE',NULL,NULL,NULL,'肯尼亚',254),(85,'Kyrgyzstan','KG',NULL,NULL,NULL,'吉尔吉斯坦',996),(86,'Cambodia','KH',NULL,NULL,NULL,'柬埔寨',855),(87,'Kiribati','KI',NULL,NULL,NULL,'基里巴斯',686),(88,'Comoros','KM',NULL,NULL,NULL,'科摩罗',269),(89,'North Korea','KP',NULL,NULL,NULL,'朝鲜',850),(90,'South Korea','KR',NULL,NULL,NULL,'韩国',82),(91,'Kuwait','KW',NULL,NULL,NULL,'科威特',965),(92,'Kazakhstan','KZ',NULL,NULL,NULL,'哈萨克斯坦',7),(93,'Laos','LA',NULL,NULL,NULL,'老挝',856),(94,'Lebanon','LB',NULL,NULL,NULL,'黎巴嫩',961),(95,'Saint Lucia','LC',NULL,NULL,NULL,'圣卢西亚',1758),(96,'Liechtenstein','LI',NULL,NULL,NULL,'列支敦士登',423),(97,'Sri Lanka','LK',NULL,NULL,NULL,'斯里兰卡',94),(98,'Liberia','LR',NULL,NULL,NULL,'利比里亚',231),(99,'Lesotho','LS',NULL,NULL,NULL,'莱索托',266),(100,'Lithuania','LT',NULL,NULL,NULL,'立陶宛',370),(101,'Luxembourg','LU',NULL,NULL,NULL,'卢森堡',352),(102,'Latvia','LV',NULL,NULL,NULL,'拉脱维亚',371),(103,'Libya','LY',NULL,NULL,NULL,'利比亚',218),(104,'Morocco','MA',NULL,NULL,NULL,'摩洛哥',212),(105,'Monaco','MC',NULL,NULL,NULL,'摩纳哥',377),(106,'Moldova','MD',NULL,NULL,NULL,'摩尔多瓦',373),(107,'Montenegro','ME',NULL,NULL,NULL,'黑山',382),(108,'Madagascar','MG',NULL,NULL,NULL,'马达加斯加',261),(109,'Marshall Islands','MH',NULL,NULL,NULL,'马绍尔群岛',692),(110,'North Macedonia','MK',NULL,NULL,NULL,'北马其顿',389),(111,'Mali','ML',NULL,NULL,NULL,'马里',223),(112,'Myanmar','MM',NULL,NULL,NULL,'缅甸',95),(113,'Mongolia','MN',NULL,NULL,NULL,'蒙古',976),(114,'Macau','MO',NULL,NULL,NULL,'中国澳门',853),(115,'Mauritania','MR',NULL,NULL,NULL,'毛里塔尼亚',222),(116,'Malta','MT',NULL,NULL,NULL,'马耳他',356),(117,'Mauritius','MU',NULL,NULL,NULL,'毛里求斯',230),(118,'Maldives','MV',NULL,NULL,NULL,'马尔代夫',960),(119,'Malawi','MW',NULL,NULL,NULL,'马拉维',265),(120,'Mexico','MX',NULL,NULL,NULL,'墨西哥',52),(121,'Malaysia','MY',NULL,NULL,NULL,'马来西亚',60),(122,'Mozambique','MZ',NULL,NULL,NULL,'莫桑比克',258),(123,'Namibia','NA',NULL,NULL,NULL,'纳米比亚',264),(124,'Niger','NE',NULL,NULL,NULL,'尼日尔',227),(125,'Nigeria','NG',NULL,NULL,NULL,'尼日利亚',234),(126,'Nicaragua','NI',NULL,NULL,NULL,'尼加拉瓜',505),(127,'Netherlands','NL',NULL,NULL,NULL,'荷兰',31),(128,'Norway','NO',NULL,NULL,NULL,'挪威',47),(129,'Nepal','NP',NULL,NULL,NULL,'尼泊尔',977),(130,'Nauru','NR',NULL,NULL,NULL,'瑙鲁',674),(131,'New Zealand','NZ',NULL,NULL,NULL,'新西兰',64),(132,'Oman','OM',NULL,NULL,NULL,'阿曼',968),(133,'Panama','PA',NULL,NULL,NULL,'巴拿马',507),(134,'Peru','PE',NULL,NULL,NULL,'秘鲁',51),(135,'Papua New Guinea','PG',NULL,NULL,NULL,'巴布亚新几内亚',675),(136,'Philippines','PH',NULL,NULL,NULL,'菲律宾',63),(137,'Pakistan','PK',NULL,NULL,NULL,'巴基斯坦',92),(138,'Poland','PL',NULL,NULL,NULL,'波兰',48),(139,'Portugal','PT',NULL,NULL,NULL,'葡萄牙',351),(140,'Palau','PW',NULL,NULL,NULL,'帕劳',680),(141,'Paraguay','PY',NULL,NULL,NULL,'巴拉圭',595),(142,'Qatar','QA',NULL,NULL,NULL,'卡塔尔',974),(143,'Romania','RO',NULL,NULL,NULL,'罗马尼亚',40),(144,'Serbia','RS',NULL,NULL,NULL,'塞尔维亚',381),(145,'Russia','RU',NULL,NULL,NULL,'俄罗斯',7),(146,'Rwanda','RW',NULL,NULL,NULL,'卢旺达',250),(147,'Saudi Arabia','SA',NULL,NULL,NULL,'沙特阿拉伯',966),(148,'Solomon Islands','SB',NULL,NULL,NULL,'所罗门群岛',677),(149,'Seychelles','SC',NULL,NULL,NULL,'塞舌尔',248),(150,'Sudan','SD',NULL,NULL,NULL,'苏丹',249),(151,'Sweden','SE',NULL,NULL,NULL,'瑞典',46),(152,'Singapore','SG',NULL,NULL,NULL,'新加坡',65),(153,'Saint Helena','SH',NULL,NULL,NULL,'圣赫勒拿',290),(154,'Slovenia','SI',NULL,NULL,NULL,'斯洛文尼亚',386),(155,'Svalbard and Jan Mayen','SJ',NULL,NULL,NULL,'斯瓦尔巴群岛和扬马延岛',47),(156,'Slovakia','SK',NULL,NULL,NULL,'斯洛伐克',421),(157,'Sierra Leone','SL',NULL,NULL,NULL,'塞拉利昂',232),(158,'San Marino','SM',NULL,NULL,NULL,'圣马力诺',378),(159,'Senegal','SN',NULL,NULL,NULL,'塞内加尔',221),(160,'Somalia','SO',NULL,NULL,NULL,'索马里',252),(161,'Suriname','SR',NULL,NULL,NULL,'苏里南',597),(162,'South Sudan','SS',NULL,NULL,NULL,'南苏丹',211),(163,'Sao Tome and Principe','ST',NULL,NULL,NULL,'圣多美和普林西比',239),(164,'El Salvador','SV',NULL,NULL,NULL,'萨尔瓦多',503),(165,'Sint Maarten','SX',NULL,NULL,NULL,'荷属圣马丁',721),(166,'Syria','SY',NULL,NULL,NULL,'叙利亚',963),(167,'Eswatini','SZ',NULL,NULL,NULL,'斯威士兰',268),(168,'Turks and Caicos Islands','TC',NULL,NULL,NULL,'特克斯和凯科斯群岛',649),(169,'Chad','TD',NULL,NULL,NULL,'乍得',235),(170,'French Southern Territories','TF',NULL,NULL,NULL,'法属南部领土',262),(171,'Togo','TG',NULL,NULL,NULL,'多哥',228),(172,'Thailand','TH',NULL,NULL,NULL,'泰国',66),(173,'Tajikistan','TJ',NULL,NULL,NULL,'塔吉克斯坦',992),(174,'Tokelau','TK',NULL,NULL,NULL,'托克劳',690),(175,'Timor-Leste','TL',NULL,NULL,NULL,'东帝汶',670),(176,'Turkmenistan','TM',NULL,NULL,NULL,'土库曼斯坦',993),(177,'Tunisia','TN',NULL,NULL,NULL,'突尼斯',216),(178,'Tonga','TO',NULL,NULL,NULL,'汤加',676),(179,'Turkey','TR',NULL,NULL,NULL,'土耳其',90),(180,'Trinidad and Tobago','TT',NULL,NULL,NULL,'特立尼达和多巴哥',1868),(181,'Tuvalu','TV',NULL,NULL,NULL,'图瓦卢',688),(182,'Tanzania','TZ',NULL,NULL,NULL,'坦桑尼亚',255),(183,'Ukraine','UA',NULL,NULL,NULL,'乌克兰',380),(184,'Uganda','UG',NULL,NULL,NULL,'乌干达',256),(185,'United States','US',NULL,NULL,NULL,'美国',1),(186,'Uruguay','UY',NULL,NULL,NULL,'乌拉圭',598),(187,'Uzbekistan','UZ',NULL,NULL,NULL,'乌兹别克斯坦',998),(188,'Vatican City','VA',NULL,NULL,NULL,'梵蒂冈',379),(189,'Saint Vincent and the Grenadines','VC',NULL,NULL,NULL,'圣文森特和格林纳丁斯',1784),(190,'Venezuela','VE',NULL,NULL,NULL,'委内瑞拉',58),(191,'Vietnam','VN',NULL,NULL,NULL,'越南',84),(192,'Vanuatu','VU',NULL,NULL,NULL,'瓦努阿图',678),(193,'Samoa','WS',NULL,NULL,NULL,'萨摩亚',685),(194,'Yemen','YE',NULL,NULL,NULL,'也门',967),(195,'South Africa','ZA',NULL,NULL,NULL,'南非',27),(196,'Zambia','ZM',NULL,NULL,NULL,'赞比亚',260),(197,'Zimbabwe','ZW',NULL,NULL,NULL,'津巴布韦',263);
/*!40000 ALTER TABLE `countries` ENABLE KEYS */;
UNLOCK TABLES;

--
-- Table structure for table `interests`
--

DROP TABLE IF EXISTS `interests`;
/*!40101 SET @saved_cs_client     = @@character_set_client */;
/*!50503 SET character_set_client = utf8mb4 */;
CREATE TABLE `interests` (
  `id` bigint NOT NULL AUTO_INCREMENT,
  `tag_name` varchar(50) NOT NULL,
  `created_at` datetime DEFAULT NULL,
  `updated_at` datetime DEFAULT NULL,
  `deleted_at` datetime DEFAULT NULL,
  PRIMARY KEY (`id`)
) ENGINE=InnoDB AUTO_INCREMENT=21 DEFAULT CHARSET=utf8mb4 COLLATE=utf8mb4_0900_ai_ci;
/*!40101 SET character_set_client = @saved_cs_client */;

--
-- Dumping data for table `interests`
--

LOCK TABLES `interests` WRITE;
/*!40000 ALTER TABLE `interests` DISABLE KEYS */;
INSERT INTO `interests` VALUES (1,'Music','2024-11-05 10:46:08','2024-11-05 10:46:08',NULL),(2,'Sports','2024-11-05 10:46:08','2024-11-05 10:46:08',NULL),(3,'Travel','2024-11-05 10:46:08','2024-11-05 10:46:08',NULL),(4,'Technology','2024-11-05 10:46:08','2024-11-05 10:46:08',NULL),(5,'Cooking','2024-11-05 10:46:08','2024-11-05 10:46:08',NULL),(6,'Photography','2024-11-05 10:46:08','2024-11-05 10:46:08',NULL),(7,'Reading','2024-11-05 10:46:08','2024-11-05 10:46:08',NULL),(8,'Gaming','2024-11-05 10:46:08','2024-11-05 10:46:08',NULL),(9,'Fitness','2024-11-05 10:46:08','2024-11-05 10:46:08',NULL),(10,'Movies','2024-11-05 10:46:08','2024-11-05 10:46:08',NULL),(11,'Art','2024-11-05 10:46:08','2024-11-05 10:46:08',NULL),(12,'Science','2024-11-05 10:46:08','2024-11-05 10:46:08',NULL),(13,'History','2024-11-05 10:46:08','2024-11-05 10:46:08',NULL),(14,'Fashion','2024-11-05 10:46:08','2024-11-05 10:46:08',NULL),(15,'DIY','2024-11-05 10:46:08','2024-11-05 10:46:08',NULL),(16,'Nature','2024-11-05 10:46:08','2024-11-05 10:46:08',NULL),(17,'Adventure','2024-11-05 10:46:08','2024-11-05 10:46:08',NULL),(18,'Finance','2024-11-05 10:46:08','2024-11-05 10:46:08',NULL),(19,'Programming','2024-11-05 10:46:08','2024-11-05 10:46:08',NULL),(20,'Gardening','2024-11-05 10:46:08','2024-11-05 10:46:08',NULL);
/*!40000 ALTER TABLE `interests` ENABLE KEYS */;
UNLOCK TABLES;

--
-- Table structure for table `interests_translations`
--

DROP TABLE IF EXISTS `interests_translations`;
/*!40101 SET @saved_cs_client     = @@character_set_client */;
/*!50503 SET character_set_client = utf8mb4 */;
CREATE TABLE `interests_translations` (
  `translation_id` bigint NOT NULL AUTO_INCREMENT,
  `tag_id` bigint DEFAULT NULL,
  `language_code` varchar(5) DEFAULT NULL,
  `translated_name` varchar(50) DEFAULT NULL,
  `created_at` datetime DEFAULT NULL,
  `updated_at` datetime DEFAULT NULL,
  `deleted_at` datetime DEFAULT NULL,
  PRIMARY KEY (`translation_id`),
  KEY `tag_id` (`tag_id`),
  CONSTRAINT `interests_translations_ibfk_1` FOREIGN KEY (`tag_id`) REFERENCES `interests` (`id`)
) ENGINE=InnoDB AUTO_INCREMENT=661 DEFAULT CHARSET=utf8mb4 COLLATE=utf8mb4_0900_ai_ci;
/*!40101 SET character_set_client = @saved_cs_client */;

--
-- Dumping data for table `interests_translations`
--

LOCK TABLES `interests_translations` WRITE;
/*!40000 ALTER TABLE `interests_translations` DISABLE KEYS */;
INSERT INTO `interests_translations` VALUES (1,1,'ar','موسيقى','2024-11-05 10:47:03','2024-11-05 10:47:03',NULL),(2,1,'zh-CN','音乐','2024-11-05 10:47:03','2024-11-05 10:47:03',NULL),(3,1,'zh-TW','音樂','2024-11-05 10:47:03','2024-11-05 10:47:03',NULL),(4,1,'nl','Muziek','2024-11-05 10:47:03','2024-11-05 10:47:03',NULL),(5,1,'en','Music','2024-11-05 10:47:03','2024-11-05 10:47:03',NULL),(6,1,'fr','Musique','2024-11-05 10:47:03','2024-11-05 10:47:03',NULL),(7,1,'de','Musik','2024-11-05 10:47:03','2024-11-05 10:47:03',NULL),(8,1,'it','Musica','2024-11-05 10:47:03','2024-11-05 10:47:03',NULL),(9,1,'pt','Música','2024-11-05 10:47:03','2024-11-05 10:47:03',NULL),(10,1,'es','Música','2024-11-05 10:47:03','2024-11-05 10:47:03',NULL),(11,1,'bn','সঙ্গীত','2024-11-05 10:47:03','2024-11-05 10:47:03',NULL),(12,1,'hr','Glazba','2024-11-05 10:47:03','2024-11-05 10:47:03',NULL),(13,1,'cs','Hudba','2024-11-05 10:47:03','2024-11-05 10:47:03',NULL),(14,1,'da','Musik','2024-11-05 10:47:03','2024-11-05 10:47:03',NULL),(15,1,'el','Μουσική','2024-11-05 10:47:03','2024-11-05 10:47:03',NULL),(16,1,'he','מוזיקה','2024-11-05 10:47:03','2024-11-05 10:47:03',NULL),(17,1,'hi','संगीत','2024-11-05 10:47:03','2024-11-05 10:47:03',NULL),(18,1,'hu','Zene','2024-11-05 10:47:03','2024-11-05 10:47:03',NULL),(19,1,'id','Musik','2024-11-05 10:47:03','2024-11-05 10:47:03',NULL),(20,1,'ja','音楽','2024-11-05 10:47:03','2024-11-05 10:47:03',NULL),(21,1,'ko','음악','2024-11-05 10:47:03','2024-11-05 10:47:03',NULL),(22,1,'lv','Mūzika','2024-11-05 10:47:03','2024-11-05 10:47:03',NULL),(23,1,'lt','Muzika','2024-11-05 10:47:03','2024-11-05 10:47:03',NULL),(24,1,'pl','Muzyka','2024-11-05 10:47:03','2024-11-05 10:47:03',NULL),(25,1,'ro','Muzică','2024-11-05 10:47:03','2024-11-05 10:47:03',NULL),(26,1,'sr','Музика','2024-11-05 10:47:03','2024-11-05 10:47:03',NULL),(27,1,'sk','Hudba','2024-11-05 10:47:03','2024-11-05 10:47:03',NULL),(28,1,'sl','Glasba','2024-11-05 10:47:03','2024-11-05 10:47:03',NULL),(29,1,'sv','Musik','2024-11-05 10:47:03','2024-11-05 10:47:03',NULL),(30,1,'tl','Musika','2024-11-05 10:47:03','2024-11-05 10:47:03',NULL),(31,1,'tr','Müzik','2024-11-05 10:47:03','2024-11-05 10:47:03',NULL),(32,1,'uk','Музика','2024-11-05 10:47:03','2024-11-05 10:47:03',NULL),(33,1,'vi','Âm nhạc','2024-11-05 10:47:03','2024-11-05 10:47:03',NULL),(34,2,'ar','رياضة','2024-11-05 10:47:49','2024-11-05 10:47:49',NULL),(35,2,'zh-CN','体育','2024-11-05 10:47:49','2024-11-05 10:47:49',NULL),(36,2,'zh-TW','體育','2024-11-05 10:47:49','2024-11-05 10:47:49',NULL),(37,2,'nl','Sport','2024-11-05 10:47:49','2024-11-05 10:47:49',NULL),(38,2,'en','Sports','2024-11-05 10:47:49','2024-11-05 10:47:49',NULL),(39,2,'fr','Sports','2024-11-05 10:47:49','2024-11-05 10:47:49',NULL),(40,2,'de','Sport','2024-11-05 10:47:49','2024-11-05 10:47:49',NULL),(41,2,'it','Sport','2024-11-05 10:47:49','2024-11-05 10:47:49',NULL),(42,2,'pt','Esporte','2024-11-05 10:47:49','2024-11-05 10:47:49',NULL),(43,2,'es','Deportes','2024-11-05 10:47:49','2024-11-05 10:47:49',NULL),(44,2,'bn','খেলা','2024-11-05 10:47:49','2024-11-05 10:47:49',NULL),(45,2,'hr','Igre','2024-11-05 10:47:49','2024-11-05 10:47:49',NULL),(46,2,'cs','Sport','2024-11-05 10:47:49','2024-11-05 10:47:49',NULL),(47,2,'da','Sport','2024-11-05 10:47:49','2024-11-05 10:47:49',NULL),(48,2,'el','Αθλητισμός','2024-11-05 10:47:49','2024-11-05 10:47:49',NULL),(49,2,'he','ספורט','2024-11-05 10:47:49','2024-11-05 10:47:49',NULL),(50,2,'hi','खेल','2024-11-05 10:47:49','2024-11-05 10:47:49',NULL),(51,2,'hu','Sport','2024-11-05 10:47:49','2024-11-05 10:47:49',NULL),(52,2,'id','Olahraga','2024-11-05 10:47:49','2024-11-05 10:47:49',NULL),(53,2,'ja','スポーツ','2024-11-05 10:47:49','2024-11-05 10:47:49',NULL),(54,2,'ko','스포츠','2024-11-05 10:47:49','2024-11-05 10:47:49',NULL),(55,2,'lv','Sports','2024-11-05 10:47:49','2024-11-05 10:47:49',NULL),(56,2,'lt','Sportas','2024-11-05 10:47:49','2024-11-05 10:47:49',NULL),(57,2,'pl','Sport','2024-11-05 10:47:49','2024-11-05 10:47:49',NULL),(58,2,'ro','Sport','2024-11-05 10:47:49','2024-11-05 10:47:49',NULL),(59,2,'sr','Спорт','2024-11-05 10:47:49','2024-11-05 10:47:49',NULL),(60,2,'sk','Šport','2024-11-05 10:47:49','2024-11-05 10:47:49',NULL),(61,2,'sl','Šport','2024-11-05 10:47:49','2024-11-05 10:47:49',NULL),(62,2,'sv','Sport','2024-11-05 10:47:49','2024-11-05 10:47:49',NULL),(63,2,'tl','Isports','2024-11-05 10:47:49','2024-11-05 10:47:49',NULL),(64,2,'tr','Spor','2024-11-05 10:47:49','2024-11-05 10:47:49',NULL),(65,2,'uk','Спорт','2024-11-05 10:47:49','2024-11-05 10:47:49',NULL),(66,2,'vi','Thể thao','2024-11-05 10:47:49','2024-11-05 10:47:49',NULL),(67,3,'ar','سفر','2024-11-05 10:47:49','2024-11-05 10:47:49',NULL),(68,3,'zh-CN','旅行','2024-11-05 10:47:49','2024-11-05 10:47:49',NULL),(69,3,'zh-TW','旅遊','2024-11-05 10:47:49','2024-11-05 10:47:49',NULL),(70,3,'nl','Reizen','2024-11-05 10:47:49','2024-11-05 10:47:49',NULL),(71,3,'en','Travel','2024-11-05 10:47:49','2024-11-05 10:47:49',NULL),(72,3,'fr','Voyage','2024-11-05 10:47:49','2024-11-05 10:47:49',NULL),(73,3,'de','Reisen','2024-11-05 10:47:49','2024-11-05 10:47:49',NULL),(74,3,'it','Viaggio','2024-11-05 10:47:49','2024-11-05 10:47:49',NULL),(75,3,'pt','Viagem','2024-11-05 10:47:49','2024-11-05 10:47:49',NULL),(76,3,'es','Viaje','2024-11-05 10:47:49','2024-11-05 10:47:49',NULL),(77,3,'bn','ভ্রমণ','2024-11-05 10:47:49','2024-11-05 10:47:49',NULL),(78,3,'hr','Putovanje','2024-11-05 10:47:49','2024-11-05 10:47:49',NULL),(79,3,'cs','Cestování','2024-11-05 10:47:49','2024-11-05 10:47:49',NULL),(80,3,'da','Rejse','2024-11-05 10:47:49','2024-11-05 10:47:49',NULL),(81,3,'el','Ταξίδι','2024-11-05 10:47:49','2024-11-05 10:47:49',NULL),(82,3,'he','נסיעה','2024-11-05 10:47:49','2024-11-05 10:47:49',NULL),(83,3,'hi','यात्रा','2024-11-05 10:47:49','2024-11-05 10:47:49',NULL),(84,3,'hu','Utazás','2024-11-05 10:47:49','2024-11-05 10:47:49',NULL),(85,3,'id','Perjalanan','2024-11-05 10:47:49','2024-11-05 10:47:49',NULL),(86,3,'ja','旅行','2024-11-05 10:47:49','2024-11-05 10:47:49',NULL),(87,3,'ko','여행','2024-11-05 10:47:49','2024-11-05 10:47:49',NULL),(88,3,'lv','Ceļojums','2024-11-05 10:47:49','2024-11-05 10:47:49',NULL),(89,3,'lt','Kelionė','2024-11-05 10:47:49','2024-11-05 10:47:49',NULL),(90,3,'pl','Podróż','2024-11-05 10:47:49','2024-11-05 10:47:49',NULL),(91,3,'ro','Călătorie','2024-11-05 10:47:49','2024-11-05 10:47:49',NULL),(92,3,'sr','Putovanje','2024-11-05 10:47:49','2024-11-05 10:47:49',NULL),(93,3,'sk','Cestovanie','2024-11-05 10:47:49','2024-11-05 10:47:49',NULL),(94,3,'sl','Potovanje','2024-11-05 10:47:49','2024-11-05 10:47:49',NULL),(95,3,'sv','Resa','2024-11-05 10:47:49','2024-11-05 10:47:49',NULL),(96,3,'tl','Paglalakbay','2024-11-05 10:47:49','2024-11-05 10:47:49',NULL),(97,3,'tr','Seyahat','2024-11-05 10:47:49','2024-11-05 10:47:49',NULL),(98,3,'uk','Подорож','2024-11-05 10:47:49','2024-11-05 10:47:49',NULL),(99,3,'vi','Du lịch','2024-11-05 10:47:49','2024-11-05 10:47:49',NULL),(100,4,'ar','تكنولوجيا','2024-11-05 10:47:49','2024-11-05 10:47:49',NULL),(101,4,'zh-CN','技术','2024-11-05 10:47:49','2024-11-05 10:47:49',NULL),(102,4,'zh-TW','科技','2024-11-05 10:47:49','2024-11-05 10:47:49',NULL),(103,4,'nl','Technologie','2024-11-05 10:47:49','2024-11-05 10:47:49',NULL),(104,4,'en','Technology','2024-11-05 10:47:49','2024-11-05 10:47:49',NULL),(105,4,'fr','Technologie','2024-11-05 10:47:49','2024-11-05 10:47:49',NULL),(106,4,'de','Technologie','2024-11-05 10:47:49','2024-11-05 10:47:49',NULL),(107,4,'it','Tecnologia','2024-11-05 10:47:49','2024-11-05 10:47:49',NULL),(108,4,'pt','Tecnologia','2024-11-05 10:47:49','2024-11-05 10:47:49',NULL),(109,4,'es','Tecnología','2024-11-05 10:47:49','2024-11-05 10:47:49',NULL),(110,4,'bn','প্রযুক্তি','2024-11-05 10:47:49','2024-11-05 10:47:49',NULL),(111,4,'hr','Tehnologija','2024-11-05 10:47:49','2024-11-05 10:47:49',NULL),(112,4,'cs','Technologie','2024-11-05 10:47:49','2024-11-05 10:47:49',NULL),(113,4,'da','Teknologi','2024-11-05 10:47:49','2024-11-05 10:47:49',NULL),(114,4,'el','Τεχνολογία','2024-11-05 10:47:49','2024-11-05 10:47:49',NULL),(115,4,'he','טכנולוגיה','2024-11-05 10:47:49','2024-11-05 10:47:49',NULL),(116,4,'hi','प्रौद्योगिकी','2024-11-05 10:47:49','2024-11-05 10:47:49',NULL),(117,4,'hu','Technológia','2024-11-05 10:47:49','2024-11-05 10:47:49',NULL),(118,4,'id','Teknologi','2024-11-05 10:47:49','2024-11-05 10:47:49',NULL),(119,4,'ja','技術','2024-11-05 10:47:49','2024-11-05 10:47:49',NULL),(120,4,'ko','기술','2024-11-05 10:47:49','2024-11-05 10:47:49',NULL),(121,4,'lv','Tehnoloģija','2024-11-05 10:47:49','2024-11-05 10:47:49',NULL),(122,4,'lt','Technologija','2024-11-05 10:47:49','2024-11-05 10:47:49',NULL),(123,4,'pl','Technologia','2024-11-05 10:47:49','2024-11-05 10:47:49',NULL),(124,4,'ro','Tehnologie','2024-11-05 10:47:49','2024-11-05 10:47:49',NULL),(125,4,'sr','Tehnologija','2024-11-05 10:47:49','2024-11-05 10:47:49',NULL),(126,4,'sk','Technológia','2024-11-05 10:47:49','2024-11-05 10:47:49',NULL),(127,4,'sl','Tehnologija','2024-11-05 10:47:49','2024-11-05 10:47:49',NULL),(128,4,'sv','Teknologi','2024-11-05 10:47:49','2024-11-05 10:47:49',NULL),(129,4,'tl','Teknolohiya','2024-11-05 10:47:49','2024-11-05 10:47:49',NULL),(130,4,'tr','Teknoloji','2024-11-05 10:47:49','2024-11-05 10:47:49',NULL),(131,4,'uk','Технологія','2024-11-05 10:47:49','2024-11-05 10:47:49',NULL),(132,4,'vi','Công nghệ','2024-11-05 10:47:49','2024-11-05 10:47:49',NULL),(133,5,'ar','طهي','2024-11-05 10:47:49','2024-11-05 10:47:49',NULL),(134,5,'zh-CN','烹饪','2024-11-05 10:47:49','2024-11-05 10:47:49',NULL),(135,5,'zh-TW','烹飪','2024-11-05 10:47:49','2024-11-05 10:47:49',NULL),(136,5,'nl','Koken','2024-11-05 10:47:49','2024-11-05 10:47:49',NULL),(137,5,'en','Cooking','2024-11-05 10:47:49','2024-11-05 10:47:49',NULL),(138,5,'fr','Cuisine','2024-11-05 10:47:49','2024-11-05 10:47:49',NULL),(139,5,'de','Kochen','2024-11-05 10:47:49','2024-11-05 10:47:49',NULL),(140,5,'it','Cucina','2024-11-05 10:47:49','2024-11-05 10:47:49',NULL),(141,5,'pt','Cozinha','2024-11-05 10:47:49','2024-11-05 10:47:49',NULL),(142,5,'es','Cocina','2024-11-05 10:47:49','2024-11-05 10:47:49',NULL),(143,5,'bn','রাঁধুনি','2024-11-05 10:47:49','2024-11-05 10:47:49',NULL),(144,5,'hr','Kuhanje','2024-11-05 10:47:49','2024-11-05 10:47:49',NULL),(145,5,'cs','Vaření','2024-11-05 10:47:49','2024-11-05 10:47:49',NULL),(146,5,'da','Madlavning','2024-11-05 10:47:49','2024-11-05 10:47:49',NULL),(147,5,'el','Μαγειρική','2024-11-05 10:47:49','2024-11-05 10:47:49',NULL),(148,5,'he','בישול','2024-11-05 10:47:49','2024-11-05 10:47:49',NULL),(149,5,'hi','पाक','2024-11-05 10:47:49','2024-11-05 10:47:49',NULL),(150,5,'hu','Főzés','2024-11-05 10:47:49','2024-11-05 10:47:49',NULL),(151,5,'id','Memasak','2024-11-05 10:47:49','2024-11-05 10:47:49',NULL),(152,5,'ja','料理','2024-11-05 10:47:49','2024-11-05 10:47:49',NULL),(153,5,'ko','요리','2024-11-05 10:47:49','2024-11-05 10:47:49',NULL),(154,5,'lv','Gatavošana','2024-11-05 10:47:49','2024-11-05 10:47:49',NULL),(155,5,'lt','Virimas','2024-11-05 10:47:49','2024-11-05 10:47:49',NULL),(156,5,'pl','Gotowanie','2024-11-05 10:47:49','2024-11-05 10:47:49',NULL),(157,5,'ro','Gătit','2024-11-05 10:47:49','2024-11-05 10:47:49',NULL),(158,5,'sr','Kuvanje','2024-11-05 10:47:49','2024-11-05 10:47:49',NULL),(159,5,'sk','Varenie','2024-11-05 10:47:49','2024-11-05 10:47:49',NULL),(160,5,'sl','Kuhanje','2024-11-05 10:47:49','2024-11-05 10:47:49',NULL),(161,5,'sv','Matlagning','2024-11-05 10:47:49','2024-11-05 10:47:49',NULL),(162,5,'tl','Pagluluto','2024-11-05 10:47:49','2024-11-05 10:47:49',NULL),(163,5,'tr','Pişirme','2024-11-05 10:47:49','2024-11-05 10:47:49',NULL),(164,5,'uk','Приготування','2024-11-05 10:47:49','2024-11-05 10:47:49',NULL),(165,5,'vi','Nấu ăn','2024-11-05 10:47:49','2024-11-05 10:47:49',NULL),(166,6,'ar','ت fotografía','2024-11-05 10:47:49','2024-11-05 10:47:49',NULL),(167,6,'zh-CN','摄影','2024-11-05 10:47:49','2024-11-05 10:47:49',NULL),(168,6,'zh-TW','攝影','2024-11-05 10:47:49','2024-11-05 10:47:49',NULL),(169,6,'nl','Fotografie','2024-11-05 10:47:49','2024-11-05 10:47:49',NULL),(170,6,'en','Photography','2024-11-05 10:47:49','2024-11-05 10:47:49',NULL),(171,6,'fr','Photographie','2024-11-05 10:47:49','2024-11-05 10:47:49',NULL),(172,6,'de','Fotografie','2024-11-05 10:47:49','2024-11-05 10:47:49',NULL),(173,6,'it','Fotografia','2024-11-05 10:47:49','2024-11-05 10:47:49',NULL),(174,6,'pt','Fotografia','2024-11-05 10:47:49','2024-11-05 10:47:49',NULL),(175,6,'es','Fotografía','2024-11-05 10:47:49','2024-11-05 10:47:49',NULL),(176,6,'bn','ছবি তোলা','2024-11-05 10:47:49','2024-11-05 10:47:49',NULL),(177,6,'hr','Fotografija','2024-11-05 10:47:49','2024-11-05 10:47:49',NULL),(178,6,'cs','Fotografie','2024-11-05 10:47:49','2024-11-05 10:47:49',NULL),(179,6,'da','Fotografi','2024-11-05 10:47:49','2024-11-05 10:47:49',NULL),(180,6,'el','Φωτογραφία','2024-11-05 10:47:49','2024-11-05 10:47:49',NULL),(181,6,'he','צילום','2024-11-05 10:47:49','2024-11-05 10:47:49',NULL),(182,6,'hi','फोटोग्राफी','2024-11-05 10:47:49','2024-11-05 10:47:49',NULL),(183,6,'hu','Fotózás','2024-11-05 10:47:49','2024-11-05 10:47:49',NULL),(184,6,'id','Fotografi','2024-11-05 10:47:49','2024-11-05 10:47:49',NULL),(185,6,'ja','写真','2024-11-05 10:47:49','2024-11-05 10:47:49',NULL),(186,6,'ko','사진','2024-11-05 10:47:49','2024-11-05 10:47:49',NULL),(187,6,'lv','Fotogrāfija','2024-11-05 10:47:49','2024-11-05 10:47:49',NULL),(188,6,'lt','Fotografija','2024-11-05 10:47:49','2024-11-05 10:47:49',NULL),(189,6,'pl','Fotografia','2024-11-05 10:47:49','2024-11-05 10:47:49',NULL),(190,6,'ro','Fotografie','2024-11-05 10:47:49','2024-11-05 10:47:49',NULL),(191,6,'sr','Fotografija','2024-11-05 10:47:49','2024-11-05 10:47:49',NULL),(192,6,'sk','Fotografia','2024-11-05 10:47:49','2024-11-05 10:47:49',NULL),(193,6,'sl','Fotografija','2024-11-05 10:47:49','2024-11-05 10:47:49',NULL),(194,6,'sv','Fotografi','2024-11-05 10:47:49','2024-11-05 10:47:49',NULL),(195,6,'tl','Potograpiya','2024-11-05 10:47:49','2024-11-05 10:47:49',NULL),(196,6,'tr','Fotoğrafçılık','2024-11-05 10:47:49','2024-11-05 10:47:49',NULL),(197,6,'uk','Фотографія','2024-11-05 10:47:49','2024-11-05 10:47:49',NULL),(198,6,'vi','Nhiếp ảnh','2024-11-05 10:47:49','2024-11-05 10:47:49',NULL),(199,7,'ar','قراءة','2024-11-05 10:47:49','2024-11-05 10:47:49',NULL),(200,7,'zh-CN','阅读','2024-11-05 10:47:49','2024-11-05 10:47:49',NULL),(201,7,'zh-TW','閱讀','2024-11-05 10:47:49','2024-11-05 10:47:49',NULL),(202,7,'nl','Lezen','2024-11-05 10:47:49','2024-11-05 10:47:49',NULL),(203,7,'en','Reading','2024-11-05 10:47:49','2024-11-05 10:47:49',NULL),(204,7,'fr','Lecture','2024-11-05 10:47:49','2024-11-05 10:47:49',NULL),(205,7,'de','Lesen','2024-11-05 10:47:49','2024-11-05 10:47:49',NULL),(206,7,'it','Lettura','2024-11-05 10:47:49','2024-11-05 10:47:49',NULL),(207,7,'pt','Leitura','2024-11-05 10:47:49','2024-11-05 10:47:49',NULL),(208,7,'es','Lectura','2024-11-05 10:47:49','2024-11-05 10:47:49',NULL),(209,7,'bn','পড়া','2024-11-05 10:47:49','2024-11-05 10:47:49',NULL),(210,7,'hr','Čitanje','2024-11-05 10:47:49','2024-11-05 10:47:49',NULL),(211,7,'cs','Čtení','2024-11-05 10:47:49','2024-11-05 10:47:49',NULL),(212,7,'da','Læse','2024-11-05 10:47:49','2024-11-05 10:47:49',NULL),(213,7,'el','Ανάγνωση','2024-11-05 10:47:49','2024-11-05 10:47:49',NULL),(214,7,'he','קריאה','2024-11-05 10:47:49','2024-11-05 10:47:49',NULL),(215,7,'hi','पढ़ाई','2024-11-05 10:47:49','2024-11-05 10:47:49',NULL),(216,7,'hu','Olvasás','2024-11-05 10:47:49','2024-11-05 10:47:49',NULL),(217,7,'id','Membaca','2024-11-05 10:47:49','2024-11-05 10:47:49',NULL),(218,7,'ja','読書','2024-11-05 10:47:49','2024-11-05 10:47:49',NULL),(219,7,'ko','독서','2024-11-05 10:47:49','2024-11-05 10:47:49',NULL),(220,7,'lv','Lasīšana','2024-11-05 10:47:49','2024-11-05 10:47:49',NULL),(221,7,'lt','Skaitymas','2024-11-05 10:47:49','2024-11-05 10:47:49',NULL),(222,7,'pl','Czytanie','2024-11-05 10:47:49','2024-11-05 10:47:49',NULL),(223,7,'ro','Citire','2024-11-05 10:47:49','2024-11-05 10:47:49',NULL),(224,7,'sr','Čitanje','2024-11-05 10:47:49','2024-11-05 10:47:49',NULL),(225,7,'sk','Čítanie','2024-11-05 10:47:49','2024-11-05 10:47:49',NULL),(226,7,'sl','Branje','2024-11-05 10:47:49','2024-11-05 10:47:49',NULL),(227,7,'sv','Läsning','2024-11-05 10:47:49','2024-11-05 10:47:49',NULL),(228,7,'tl','Pagbasa','2024-11-05 10:47:49','2024-11-05 10:47:49',NULL),(229,7,'tr','Okuma','2024-11-05 10:47:49','2024-11-05 10:47:49',NULL),(230,7,'uk','Читання','2024-11-05 10:47:49','2024-11-05 10:47:49',NULL),(231,7,'vi','Đọc sách','2024-11-05 10:47:49','2024-11-05 10:47:49',NULL),(232,8,'ar','ألعاب','2024-11-05 10:47:49','2024-11-05 10:47:49',NULL),(233,8,'zh-CN','游戏','2024-11-05 10:47:49','2024-11-05 10:47:49',NULL),(234,8,'zh-TW','遊戲','2024-11-05 10:47:49','2024-11-05 10:47:49',NULL),(235,8,'nl','Spel','2024-11-05 10:47:49','2024-11-05 10:47:49',NULL),(236,8,'en','Gaming','2024-11-05 10:47:49','2024-11-05 10:47:49',NULL),(237,8,'fr','Jeux','2024-11-05 10:47:49','2024-11-05 10:47:49',NULL),(238,8,'de','Spielen','2024-11-05 10:47:49','2024-11-05 10:47:49',NULL),(239,8,'it','Giochi','2024-11-05 10:47:49','2024-11-05 10:47:49',NULL),(240,8,'pt','Jogos','2024-11-05 10:47:49','2024-11-05 10:47:49',NULL),(241,8,'es','Juegos','2024-11-05 10:47:49','2024-11-05 10:47:49',NULL),(242,8,'bn','গেমস','2024-11-05 10:47:49','2024-11-05 10:47:49',NULL),(243,8,'hr','Igre','2024-11-05 10:47:49','2024-11-05 10:47:49',NULL),(244,8,'cs','Hraní','2024-11-05 10:47:49','2024-11-05 10:47:49',NULL),(245,8,'da','Spil','2024-11-05 10:47:49','2024-11-05 10:47:49',NULL),(246,8,'el','Παιχνίδια','2024-11-05 10:47:49','2024-11-05 10:47:49',NULL),(247,8,'he','משחקים','2024-11-05 10:47:49','2024-11-05 10:47:49',NULL),(248,8,'hi','खेलना','2024-11-05 10:47:49','2024-11-05 10:47:49',NULL),(249,8,'hu','Játékok','2024-11-05 10:47:49','2024-11-05 10:47:49',NULL),(250,8,'id','Bermain','2024-11-05 10:47:49','2024-11-05 10:47:49',NULL),(251,8,'ja','ゲーム','2024-11-05 10:47:49','2024-11-05 10:47:49',NULL),(252,8,'ko','게임','2024-11-05 10:47:49','2024-11-05 10:47:49',NULL),(253,8,'lv','Spēles','2024-11-05 10:47:49','2024-11-05 10:47:49',NULL),(254,8,'lt','Žaidimai','2024-11-05 10:47:49','2024-11-05 10:47:49',NULL),(255,8,'pl','Gry','2024-11-05 10:47:49','2024-11-05 10:47:49',NULL),(256,8,'ro','Jocuri','2024-11-05 10:47:49','2024-11-05 10:47:49',NULL),(257,8,'sr','Igre','2024-11-05 10:47:49','2024-11-05 10:47:49',NULL),(258,8,'sk','Hry','2024-11-05 10:47:49','2024-11-05 10:47:49',NULL),(259,8,'sl','Igre','2024-11-05 10:47:49','2024-11-05 10:47:49',NULL),(260,8,'sv','Spel','2024-11-05 10:47:49','2024-11-05 10:47:49',NULL),(261,8,'tl','Laro','2024-11-05 10:47:49','2024-11-05 10:47:49',NULL),(262,8,'tr','Oyun','2024-11-05 10:47:49','2024-11-05 10:47:49',NULL),(263,8,'uk','Ігри','2024-11-05 10:47:49','2024-11-05 10:47:49',NULL),(264,8,'vi','Trò chơi','2024-11-05 10:47:49','2024-11-05 10:47:49',NULL),(265,9,'ar','لياقة','2024-11-05 10:47:49','2024-11-05 10:47:49',NULL),(266,9,'zh-CN','健身','2024-11-05 10:47:49','2024-11-05 10:47:49',NULL),(267,9,'zh-TW','健身','2024-11-05 10:47:49','2024-11-05 10:47:49',NULL),(268,9,'nl','Fitness','2024-11-05 10:47:49','2024-11-05 10:47:49',NULL),(269,9,'en','Fitness','2024-11-05 10:47:49','2024-11-05 10:47:49',NULL),(270,9,'fr','Fitness','2024-11-05 10:47:49','2024-11-05 10:47:49',NULL),(271,9,'de','Fitness','2024-11-05 10:47:49','2024-11-05 10:47:49',NULL),(272,9,'it','Fitness','2024-11-05 10:47:49','2024-11-05 10:47:49',NULL),(273,9,'pt','Fitness','2024-11-05 10:47:49','2024-11-05 10:47:49',NULL),(274,9,'es','Fitness','2024-11-05 10:47:49','2024-11-05 10:47:49',NULL),(275,9,'bn','ফিটনেস','2024-11-05 10:47:49','2024-11-05 10:47:49',NULL),(276,9,'hr','Fitness','2024-11-05 10:47:49','2024-11-05 10:47:49',NULL),(277,9,'cs','Fitness','2024-11-05 10:47:49','2024-11-05 10:47:49',NULL),(278,9,'da','Fitness','2024-11-05 10:47:49','2024-11-05 10:47:49',NULL),(279,9,'el','Φυτήνινο','2024-11-05 10:47:49','2024-11-05 10:47:49',NULL),(280,9,'he','כושר','2024-11-05 10:47:49','2024-11-05 10:47:49',NULL),(281,9,'hi','फिटनेस','2024-11-05 10:47:49','2024-11-05 10:47:49',NULL),(282,9,'hu','Fitnesz','2024-11-05 10:47:49','2024-11-05 10:47:49',NULL),(283,9,'id','Kebugaran','2024-11-05 10:47:49','2024-11-05 10:47:49',NULL),(284,9,'ja','フィットネス','2024-11-05 10:47:49','2024-11-05 10:47:49',NULL),(285,9,'ko','피트니스','2024-11-05 10:47:49','2024-11-05 10:47:49',NULL),(286,9,'lv','Fitness','2024-11-05 10:47:49','2024-11-05 10:47:49',NULL),(287,9,'lt','Fitnesas','2024-11-05 10:47:49','2024-11-05 10:47:49',NULL),(288,9,'pl','Fitness','2024-11-05 10:47:49','2024-11-05 10:47:49',NULL),(289,9,'ro','Fitness','2024-11-05 10:47:49','2024-11-05 10:47:49',NULL),(290,9,'sr','Fitness','2024-11-05 10:47:49','2024-11-05 10:47:49',NULL),(291,9,'sk','Fitness','2024-11-05 10:47:49','2024-11-05 10:47:49',NULL),(292,9,'sl','Fitness','2024-11-05 10:47:49','2024-11-05 10:47:49',NULL),(293,9,'sv','Fitness','2024-11-05 10:47:49','2024-11-05 10:47:49',NULL),(294,9,'tl','Fitness','2024-11-05 10:47:49','2024-11-05 10:47:49',NULL),(295,9,'tr','Spor','2024-11-05 10:47:49','2024-11-05 10:47:49',NULL),(296,9,'uk','Фітнес','2024-11-05 10:47:49','2024-11-05 10:47:49',NULL),(297,9,'vi','Thể hình','2024-11-05 10:47:49','2024-11-05 10:47:49',NULL),(298,10,'ar','أفلام','2024-11-05 10:47:49','2024-11-05 10:47:49',NULL),(299,10,'zh-CN','电影','2024-11-05 10:47:49','2024-11-05 10:47:49',NULL),(300,10,'zh-TW','電影','2024-11-05 10:47:49','2024-11-05 10:47:49',NULL),(301,10,'nl','Films','2024-11-05 10:47:49','2024-11-05 10:47:49',NULL),(302,10,'en','Movies','2024-11-05 10:47:49','2024-11-05 10:47:49',NULL),(303,10,'fr','Films','2024-11-05 10:47:49','2024-11-05 10:47:49',NULL),(304,10,'de','Filme','2024-11-05 10:47:49','2024-11-05 10:47:49',NULL),(305,10,'it','Film','2024-11-05 10:47:49','2024-11-05 10:47:49',NULL),(306,10,'pt','Filmes','2024-11-05 10:47:49','2024-11-05 10:47:49',NULL),(307,10,'es','Películas','2024-11-05 10:47:49','2024-11-05 10:47:49',NULL),(308,10,'bn','চলচ্চিত্র','2024-11-05 10:47:49','2024-11-05 10:47:49',NULL),(309,10,'hr','Filmovi','2024-11-05 10:47:49','2024-11-05 10:47:49',NULL),(310,10,'cs','Filmy','2024-11-05 10:47:49','2024-11-05 10:47:49',NULL),(311,10,'da','Film','2024-11-05 10:47:49','2024-11-05 10:47:49',NULL),(312,10,'el','Ταινίες','2024-11-05 10:47:49','2024-11-05 10:47:49',NULL),(313,10,'he','סרטים','2024-11-05 10:47:49','2024-11-05 10:47:49',NULL),(314,10,'hi','फिल्में','2024-11-05 10:47:49','2024-11-05 10:47:49',NULL),(315,10,'hu','Filmek','2024-11-05 10:47:49','2024-11-05 10:47:49',NULL),(316,10,'id','Film','2024-11-05 10:47:49','2024-11-05 10:47:49',NULL),(317,10,'ja','映画','2024-11-05 10:47:49','2024-11-05 10:47:49',NULL),(318,10,'ko','영화','2024-11-05 10:47:49','2024-11-05 10:47:49',NULL),(319,10,'lv','Filmas','2024-11-05 10:47:49','2024-11-05 10:47:49',NULL),(320,10,'lt','Filmai','2024-11-05 10:47:49','2024-11-05 10:47:49',NULL),(321,10,'pl','Filmy','2024-11-05 10:47:49','2024-11-05 10:47:49',NULL),(322,10,'ro','Filme','2024-11-05 10:47:49','2024-11-05 10:47:49',NULL),(323,10,'sr','Filmovi','2024-11-05 10:47:49','2024-11-05 10:47:49',NULL),(324,10,'sk','Filmy','2024-11-05 10:47:49','2024-11-05 10:47:49',NULL),(325,10,'sl','Filmi','2024-11-05 10:47:49','2024-11-05 10:47:49',NULL),(326,10,'sv','Filmer','2024-11-05 10:47:49','2024-11-05 10:47:49',NULL),(327,10,'tl','Mga Pelikula','2024-11-05 10:47:49','2024-11-05 10:47:49',NULL),(328,10,'tr','Filmler','2024-11-05 10:47:49','2024-11-05 10:47:49',NULL),(329,10,'uk','Фільми','2024-11-05 10:47:49','2024-11-05 10:47:49',NULL),(330,10,'vi','Phim','2024-11-05 10:47:49','2024-11-05 10:47:49',NULL),(331,11,'ar','فنون','2024-11-05 10:47:49','2024-11-05 10:47:49',NULL),(332,11,'zh-CN','艺术','2024-11-05 10:47:49','2024-11-05 10:47:49',NULL),(333,11,'zh-TW','藝術','2024-11-05 10:47:49','2024-11-05 10:47:49',NULL),(334,11,'nl','Kunst','2024-11-05 10:47:49','2024-11-05 10:47:49',NULL),(335,11,'en','Art','2024-11-05 10:47:49','2024-11-05 10:47:49',NULL),(336,11,'fr','Art','2024-11-05 10:47:49','2024-11-05 10:47:49',NULL),(337,11,'de','Kunst','2024-11-05 10:47:49','2024-11-05 10:47:49',NULL),(338,11,'it','Arte','2024-11-05 10:47:49','2024-11-05 10:47:49',NULL),(339,11,'pt','Arte','2024-11-05 10:47:49','2024-11-05 10:47:49',NULL),(340,11,'es','Arte','2024-11-05 10:47:49','2024-11-05 10:47:49',NULL),(341,11,'bn','শিল্প','2024-11-05 10:47:49','2024-11-05 10:47:49',NULL),(342,11,'hr','Umjetnost','2024-11-05 10:47:49','2024-11-05 10:47:49',NULL),(343,11,'cs','Umění','2024-11-05 10:47:49','2024-11-05 10:47:49',NULL),(344,11,'da','Kunst','2024-11-05 10:47:49','2024-11-05 10:47:49',NULL),(345,11,'el','Τέχνη','2024-11-05 10:47:49','2024-11-05 10:47:49',NULL),(346,11,'he','אמנות','2024-11-05 10:47:49','2024-11-05 10:47:49',NULL),(347,11,'hi','कला','2024-11-05 10:47:49','2024-11-05 10:47:49',NULL),(348,11,'hu','Művészet','2024-11-05 10:47:49','2024-11-05 10:47:49',NULL),(349,11,'id','Seni','2024-11-05 10:47:49','2024-11-05 10:47:49',NULL),(350,11,'ja','アート','2024-11-05 10:47:49','2024-11-05 10:47:49',NULL),(351,11,'ko','예술','2024-11-05 10:47:49','2024-11-05 10:47:49',NULL),(352,11,'lv','Māksla','2024-11-05 10:47:49','2024-11-05 10:47:49',NULL),(353,11,'lt','Menas','2024-11-05 10:47:49','2024-11-05 10:47:49',NULL),(354,11,'pl','Sztuka','2024-11-05 10:47:49','2024-11-05 10:47:49',NULL),(355,11,'ro','Artă','2024-11-05 10:47:49','2024-11-05 10:47:49',NULL),(356,11,'sr','Umetnost','2024-11-05 10:47:49','2024-11-05 10:47:49',NULL),(357,11,'sk','Umenie','2024-11-05 10:47:49','2024-11-05 10:47:49',NULL),(358,11,'sl','Umetnost','2024-11-05 10:47:49','2024-11-05 10:47:49',NULL),(359,11,'sv','Konst','2024-11-05 10:47:49','2024-11-05 10:47:49',NULL),(360,11,'tl','Sining','2024-11-05 10:47:49','2024-11-05 10:47:49',NULL),(361,11,'tr','Sanat','2024-11-05 10:47:49','2024-11-05 10:47:49',NULL),(362,11,'uk','Мистецтво','2024-11-05 10:47:49','2024-11-05 10:47:49',NULL),(363,11,'vi','Nghệ thuật','2024-11-05 10:47:49','2024-11-05 10:47:49',NULL),(364,12,'ar','علم','2024-11-05 10:47:49','2024-11-05 10:47:49',NULL),(365,12,'zh-CN','科学','2024-11-05 10:47:49','2024-11-05 10:47:49',NULL),(366,12,'zh-TW','科學','2024-11-05 10:47:49','2024-11-05 10:47:49',NULL),(367,12,'nl','Wetenschap','2024-11-05 10:47:49','2024-11-05 10:47:49',NULL),(368,12,'en','Science','2024-11-05 10:47:49','2024-11-05 10:47:49',NULL),(369,12,'fr','Science','2024-11-05 10:47:49','2024-11-05 10:47:49',NULL),(370,12,'de','Wissenschaft','2024-11-05 10:47:49','2024-11-05 10:47:49',NULL),(371,12,'it','Scienza','2024-11-05 10:47:49','2024-11-05 10:47:49',NULL),(372,12,'pt','Ciência','2024-11-05 10:47:49','2024-11-05 10:47:49',NULL),(373,12,'es','Ciencia','2024-11-05 10:47:49','2024-11-05 10:47:49',NULL),(374,12,'bn','বিজ্ঞান','2024-11-05 10:47:49','2024-11-05 10:47:49',NULL),(375,12,'hr','Znanost','2024-11-05 10:47:49','2024-11-05 10:47:49',NULL),(376,12,'cs','Věda','2024-11-05 10:47:49','2024-11-05 10:47:49',NULL),(377,12,'da','Videnskab','2024-11-05 10:47:49','2024-11-05 10:47:49',NULL),(378,12,'el','Επιστήμη','2024-11-05 10:47:49','2024-11-05 10:47:49',NULL),(379,12,'he','מדע','2024-11-05 10:47:49','2024-11-05 10:47:49',NULL),(380,12,'hi','विज्ञान','2024-11-05 10:47:49','2024-11-05 10:47:49',NULL),(381,12,'hu','Tudomány','2024-11-05 10:47:49','2024-11-05 10:47:49',NULL),(382,12,'id','Ilmu','2024-11-05 10:47:49','2024-11-05 10:47:49',NULL),(383,12,'ja','科学','2024-11-05 10:47:49','2024-11-05 10:47:49',NULL),(384,12,'ko','과학','2024-11-05 10:47:49','2024-11-05 10:47:49',NULL),(385,12,'lv','Zinātne','2024-11-05 10:47:49','2024-11-05 10:47:49',NULL),(386,12,'lt','Mokslas','2024-11-05 10:47:49','2024-11-05 10:47:49',NULL),(387,12,'pl','Nauka','2024-11-05 10:47:49','2024-11-05 10:47:49',NULL),(388,12,'ro','Știință','2024-11-05 10:47:49','2024-11-05 10:47:49',NULL),(389,12,'sr','Nauka','2024-11-05 10:47:49','2024-11-05 10:47:49',NULL),(390,12,'sk','Veda','2024-11-05 10:47:49','2024-11-05 10:47:49',NULL),(391,12,'sl','Znanost','2024-11-05 10:47:49','2024-11-05 10:47:49',NULL),(392,12,'sv','Vetenskap','2024-11-05 10:47:49','2024-11-05 10:47:49',NULL),(393,12,'tl','Agham','2024-11-05 10:47:49','2024-11-05 10:47:49',NULL),(394,12,'tr','Bilim','2024-11-05 10:47:49','2024-11-05 10:47:49',NULL),(395,12,'uk','Наука','2024-11-05 10:47:49','2024-11-05 10:47:49',NULL),(396,12,'vi','Khoa học','2024-11-05 10:47:49','2024-11-05 10:47:49',NULL),(397,13,'ar','تاريخ','2024-11-05 10:47:49','2024-11-05 10:47:49',NULL),(398,13,'zh-CN','历史','2024-11-05 10:47:49','2024-11-05 10:47:49',NULL),(399,13,'zh-TW','歷史','2024-11-05 10:47:49','2024-11-05 10:47:49',NULL),(400,13,'nl','Geschiedenis','2024-11-05 10:47:49','2024-11-05 10:47:49',NULL),(401,13,'en','History','2024-11-05 10:47:49','2024-11-05 10:47:49',NULL),(402,13,'fr','Histoire','2024-11-05 10:47:49','2024-11-05 10:47:49',NULL),(403,13,'de','Geschichte','2024-11-05 10:47:49','2024-11-05 10:47:49',NULL),(404,13,'it','Storia','2024-11-05 10:47:49','2024-11-05 10:47:49',NULL),(405,13,'pt','História','2024-11-05 10:47:49','2024-11-05 10:47:49',NULL),(406,13,'es','Historia','2024-11-05 10:47:49','2024-11-05 10:47:49',NULL),(407,13,'bn','ইতিহাস','2024-11-05 10:47:49','2024-11-05 10:47:49',NULL),(408,13,'hr','Povijest','2024-11-05 10:47:49','2024-11-05 10:47:49',NULL),(409,13,'cs','Dějiny','2024-11-05 10:47:49','2024-11-05 10:47:49',NULL),(410,13,'da','Historie','2024-11-05 10:47:49','2024-11-05 10:47:49',NULL),(411,13,'el','Ιστορία','2024-11-05 10:47:49','2024-11-05 10:47:49',NULL),(412,13,'he','היסטוריה','2024-11-05 10:47:49','2024-11-05 10:47:49',NULL),(413,13,'hi','इतिहास','2024-11-05 10:47:49','2024-11-05 10:47:49',NULL),(414,13,'hu','Történe','2024-11-05 10:47:49','2024-11-05 10:47:49',NULL),(415,13,'id','Sejarah','2024-11-05 10:47:49','2024-11-05 10:47:49',NULL),(416,13,'ja','歴史','2024-11-05 10:47:49','2024-11-05 10:47:49',NULL),(417,13,'ko','역사','2024-11-05 10:47:49','2024-11-05 10:47:49',NULL),(418,13,'lv','Vēsture','2024-11-05 10:47:49','2024-11-05 10:47:49',NULL),(419,13,'lt','Istorija','2024-11-05 10:47:49','2024-11-05 10:47:49',NULL),(420,13,'pl','Historia','2024-11-05 10:47:49','2024-11-05 10:47:49',NULL),(421,13,'ro','Istorie','2024-11-05 10:47:49','2024-11-05 10:47:49',NULL),(422,13,'sr','Istorija','2024-11-05 10:47:49','2024-11-05 10:47:49',NULL),(423,13,'sk','História','2024-11-05 10:47:49','2024-11-05 10:47:49',NULL),(424,13,'sl','Zgodovina','2024-11-05 10:47:49','2024-11-05 10:47:49',NULL),(425,13,'sv','Historia','2024-11-05 10:47:49','2024-11-05 10:47:49',NULL),(426,13,'tl','Kasaysayan','2024-11-05 10:47:49','2024-11-05 10:47:49',NULL),(427,13,'tr','Tarih','2024-11-05 10:47:49','2024-11-05 10:47:49',NULL),(428,13,'uk','Історія','2024-11-05 10:47:49','2024-11-05 10:47:49',NULL),(429,13,'vi','Lịch sử','2024-11-05 10:47:49','2024-11-05 10:47:49',NULL),(430,14,'ar','موضة','2024-11-05 10:47:49','2024-11-05 10:47:49',NULL),(431,14,'zh-CN','时尚','2024-11-05 10:47:49','2024-11-05 10:47:49',NULL),(432,14,'zh-TW','時尚','2024-11-05 10:47:49','2024-11-05 10:47:49',NULL),(433,14,'nl','Mode','2024-11-05 10:47:49','2024-11-05 10:47:49',NULL),(434,14,'en','Fashion','2024-11-05 10:47:49','2024-11-05 10:47:49',NULL),(435,14,'fr','Mode','2024-11-05 10:47:49','2024-11-05 10:47:49',NULL),(436,14,'de','Mode','2024-11-05 10:47:49','2024-11-05 10:47:49',NULL),(437,14,'it','Moda','2024-11-05 10:47:49','2024-11-05 10:47:49',NULL),(438,14,'pt','Moda','2024-11-05 10:47:49','2024-11-05 10:47:49',NULL),(439,14,'es','Moda','2024-11-05 10:47:49','2024-11-05 10:47:49',NULL),(440,14,'bn','ফ্যাশন','2024-11-05 10:47:49','2024-11-05 10:47:49',NULL),(441,14,'hr','Modna','2024-11-05 10:47:49','2024-11-05 10:47:49',NULL),(442,14,'cs','Móda','2024-11-05 10:47:49','2024-11-05 10:47:49',NULL),(443,14,'da','Mode','2024-11-05 10:47:49','2024-11-05 10:47:49',NULL),(444,14,'el','Μόδα','2024-11-05 10:47:49','2024-11-05 10:47:49',NULL),(445,14,'he','אופנה','2024-11-05 10:47:49','2024-11-05 10:47:49',NULL),(446,14,'hi','फैशन','2024-11-05 10:47:49','2024-11-05 10:47:49',NULL),(447,14,'hu','Divat','2024-11-05 10:47:49','2024-11-05 10:47:49',NULL),(448,14,'id','Mode','2024-11-05 10:47:49','2024-11-05 10:47:49',NULL),(449,14,'ja','ファッション','2024-11-05 10:47:49','2024-11-05 10:47:49',NULL),(450,14,'ko','패션','2024-11-05 10:47:49','2024-11-05 10:47:49',NULL),(451,14,'lv','Modes','2024-11-05 10:47:49','2024-11-05 10:47:49',NULL),(452,14,'lt','Mada','2024-11-05 10:47:49','2024-11-05 10:47:49',NULL),(453,14,'pl','Moda','2024-11-05 10:47:49','2024-11-05 10:47:49',NULL),(454,14,'ro','Modă','2024-11-05 10:47:49','2024-11-05 10:47:49',NULL),(455,14,'sr','Moda','2024-11-05 10:47:49','2024-11-05 10:47:49',NULL),(456,14,'sk','Móda','2024-11-05 10:47:49','2024-11-05 10:47:49',NULL),(457,14,'sl','Moda','2024-11-05 10:47:49','2024-11-05 10:47:49',NULL),(458,14,'sv','Mode','2024-11-05 10:47:49','2024-11-05 10:47:49',NULL),(459,14,'tl','Uso','2024-11-05 10:47:49','2024-11-05 10:47:49',NULL),(460,14,'tr','Tarz','2024-11-05 10:47:49','2024-11-05 10:47:49',NULL),(461,14,'uk','Мода','2024-11-05 10:47:49','2024-11-05 10:47:49',NULL),(462,14,'vi','Thời trang','2024-11-05 10:47:49','2024-11-05 10:47:49',NULL),(463,15,'ar','اعمال يدوية','2024-11-05 10:47:49','2024-11-05 10:47:49',NULL),(464,15,'zh-CN','DIY','2024-11-05 10:47:49','2024-11-05 10:47:49',NULL),(465,15,'zh-TW','自己做','2024-11-05 10:47:49','2024-11-05 10:47:49',NULL),(466,15,'nl','Doe het zelf','2024-11-05 10:47:49','2024-11-05 10:47:49',NULL),(467,15,'en','DIY','2024-11-05 10:47:49','2024-11-05 10:47:49',NULL),(468,15,'fr','Bricolage','2024-11-05 10:47:49','2024-11-05 10:47:49',NULL),(469,15,'de','Selbstgemacht','2024-11-05 10:47:49','2024-11-05 10:47:49',NULL),(470,15,'it','Fai da te','2024-11-05 10:47:49','2024-11-05 10:47:49',NULL),(471,15,'pt','Faça você mesmo','2024-11-05 10:47:49','2024-11-05 10:47:49',NULL),(472,15,'es','Hazlo tú mismo','2024-11-05 10:47:49','2024-11-05 10:47:49',NULL),(473,15,'bn','নিজে করুন','2024-11-05 10:47:49','2024-11-05 10:47:49',NULL),(474,15,'hr','Uradi to sam','2024-11-05 10:47:49','2024-11-05 10:47:49',NULL),(475,15,'cs','Udělej si sám','2024-11-05 10:47:49','2024-11-05 10:47:49',NULL),(476,15,'da','Gør det selv','2024-11-05 10:47:49','2024-11-05 10:47:49',NULL),(477,15,'el','Φτιάξτο μόνος σου','2024-11-05 10:47:49','2024-11-05 10:47:49',NULL),(478,15,'he','עשה זאת בעצמך','2024-11-05 10:47:49','2024-11-05 10:47:49',NULL),(479,15,'hi','खुद करो','2024-11-05 10:47:49','2024-11-05 10:47:49',NULL),(480,15,'hu','Készítsd magad','2024-11-05 10:47:49','2024-11-05 10:47:49',NULL),(481,15,'id','Buat sendiri','2024-11-05 10:47:49','2024-11-05 10:47:49',NULL),(482,15,'ja','自分で作る','2024-11-05 10:47:49','2024-11-05 10:47:49',NULL),(483,15,'ko','직접 만들기','2024-11-05 10:47:49','2024-11-05 10:47:49',NULL),(484,15,'lv','Izgatavot savu','2024-11-05 10:47:49','2024-11-05 10:47:49',NULL),(485,15,'lt','Pasidaryk pats','2024-11-05 10:47:49','2024-11-05 10:47:49',NULL),(486,15,'pl','Zrób to sam','2024-11-05 10:47:49','2024-11-05 10:47:49',NULL),(487,15,'ro','Fă-o singur','2024-11-05 10:47:49','2024-11-05 10:47:49',NULL),(488,15,'sr','Uradi to sam','2024-11-05 10:47:49','2024-11-05 10:47:49',NULL),(489,15,'sk','Urob si sám','2024-11-05 10:47:49','2024-11-05 10:47:49',NULL),(490,15,'sl','Naredite sami','2024-11-05 10:47:49','2024-11-05 10:47:49',NULL),(491,15,'sv','Gör det själv','2024-11-05 10:47:49','2024-11-05 10:47:49',NULL),(492,15,'tl','Gawainin','2024-11-05 10:47:49','2024-11-05 10:47:49',NULL),(493,15,'tr','Kendin yap','2024-11-05 10:47:49','2024-11-05 10:47:49',NULL),(494,15,'uk','Зроби сам','2024-11-05 10:47:49','2024-11-05 10:47:49',NULL),(495,15,'vi','Tự làm','2024-11-05 10:47:49','2024-11-05 10:47:49',NULL),(496,16,'ar','طبيعة','2024-11-05 10:47:49','2024-11-05 10:47:49',NULL),(497,16,'zh-CN','自然','2024-11-05 10:47:49','2024-11-05 10:47:49',NULL),(498,16,'zh-TW','自然','2024-11-05 10:47:49','2024-11-05 10:47:49',NULL),(499,16,'nl','Natuur','2024-11-05 10:47:49','2024-11-05 10:47:49',NULL),(500,16,'en','Nature','2024-11-05 10:47:49','2024-11-05 10:47:49',NULL),(501,16,'fr','Nature','2024-11-05 10:47:49','2024-11-05 10:47:49',NULL),(502,16,'de','Natur','2024-11-05 10:47:49','2024-11-05 10:47:49',NULL),(503,16,'it','Natura','2024-11-05 10:47:49','2024-11-05 10:47:49',NULL),(504,16,'pt','Natureza','2024-11-05 10:47:49','2024-11-05 10:47:49',NULL),(505,16,'es','Naturaleza','2024-11-05 10:47:49','2024-11-05 10:47:49',NULL),(506,16,'bn','প্রকৃতি','2024-11-05 10:47:49','2024-11-05 10:47:49',NULL),(507,16,'hr','Priroda','2024-11-05 10:47:49','2024-11-05 10:47:49',NULL),(508,16,'cs','Příroda','2024-11-05 10:47:49','2024-11-05 10:47:49',NULL),(509,16,'da','Natur','2024-11-05 10:47:49','2024-11-05 10:47:49',NULL),(510,16,'el','Φύση','2024-11-05 10:47:49','2024-11-05 10:47:49',NULL),(511,16,'he','טבע','2024-11-05 10:47:49','2024-11-05 10:47:49',NULL),(512,16,'hi','प्रकृति','2024-11-05 10:47:49','2024-11-05 10:47:49',NULL),(513,16,'hu','Természet','2024-11-05 10:47:49','2024-11-05 10:47:49',NULL),(514,16,'id','Alam','2024-11-05 10:47:49','2024-11-05 10:47:49',NULL),(515,16,'ja','自然','2024-11-05 10:47:49','2024-11-05 10:47:49',NULL),(516,16,'ko','자연','2024-11-05 10:47:49','2024-11-05 10:47:49',NULL),(517,16,'lv','Daba','2024-11-05 10:47:49','2024-11-05 10:47:49',NULL),(518,16,'lt','Gamtos','2024-11-05 10:47:49','2024-11-05 10:47:49',NULL),(519,16,'pl','Przyroda','2024-11-05 10:47:49','2024-11-05 10:47:49',NULL),(520,16,'ro','Natură','2024-11-05 10:47:49','2024-11-05 10:47:49',NULL),(521,16,'sr','Priroda','2024-11-05 10:47:49','2024-11-05 10:47:49',NULL),(522,16,'sk','Príroda','2024-11-05 10:47:49','2024-11-05 10:47:49',NULL),(523,16,'sl','Narava','2024-11-05 10:47:49','2024-11-05 10:47:49',NULL),(524,16,'sv','Natur','2024-11-05 10:47:49','2024-11-05 10:47:49',NULL),(525,16,'tl','Kalikasan','2024-11-05 10:47:49','2024-11-05 10:47:49',NULL),(526,16,'tr','Doğa','2024-11-05 10:47:49','2024-11-05 10:47:49',NULL),(527,16,'uk','Природа','2024-11-05 10:47:49','2024-11-05 10:47:49',NULL),(528,16,'vi','Thiên nhiên','2024-11-05 10:47:49','2024-11-05 10:47:49',NULL),(529,17,'ar','مغامرة','2024-11-05 10:47:49','2024-11-05 10:47:49',NULL),(530,17,'zh-CN','冒险','2024-11-05 10:47:49','2024-11-05 10:47:49',NULL),(531,17,'zh-TW','冒險','2024-11-05 10:47:49','2024-11-05 10:47:49',NULL),(532,17,'nl','Avontuur','2024-11-05 10:47:49','2024-11-05 10:47:49',NULL),(533,17,'en','Adventure','2024-11-05 10:47:49','2024-11-05 10:47:49',NULL),(534,17,'fr','Aventure','2024-11-05 10:47:49','2024-11-05 10:47:49',NULL),(535,17,'de','Abenteuer','2024-11-05 10:47:49','2024-11-05 10:47:49',NULL),(536,17,'it','Avventura','2024-11-05 10:47:49','2024-11-05 10:47:49',NULL),(537,17,'pt','Aventura','2024-11-05 10:47:49','2024-11-05 10:47:49',NULL),(538,17,'es','Aventura','2024-11-05 10:47:49','2024-11-05 10:47:49',NULL),(539,17,'bn','অভিযান','2024-11-05 10:47:49','2024-11-05 10:47:49',NULL),(540,17,'hr','Avantura','2024-11-05 10:47:49','2024-11-05 10:47:49',NULL),(541,17,'cs','Dobrodružství','2024-11-05 10:47:49','2024-11-05 10:47:49',NULL),(542,17,'da','Eventyr','2024-11-05 10:47:49','2024-11-05 10:47:49',NULL),(543,17,'el','Περιπέτεια','2024-11-05 10:47:49','2024-11-05 10:47:49',NULL),(544,17,'he','הרפתקה','2024-11-05 10:47:49','2024-11-05 10:47:49',NULL),(545,17,'hi','साहसिक','2024-11-05 10:47:49','2024-11-05 10:47:49',NULL),(546,17,'hu','Kaland','2024-11-05 10:47:49','2024-11-05 10:47:49',NULL),(547,17,'id','Petualangan','2024-11-05 10:47:49','2024-11-05 10:47:49',NULL),(548,17,'ja','冒険','2024-11-05 10:47:49','2024-11-05 10:47:49',NULL),(549,17,'ko','모험','2024-11-05 10:47:49','2024-11-05 10:47:49',NULL),(550,17,'lv','Piedzīvojums','2024-11-05 10:47:49','2024-11-05 10:47:49',NULL),(551,17,'lt','Nuotykiai','2024-11-05 10:47:49','2024-11-05 10:47:49',NULL),(552,17,'pl','Przygoda','2024-11-05 10:47:49','2024-11-05 10:47:49',NULL),(553,17,'ro','Aventura','2024-11-05 10:47:49','2024-11-05 10:47:49',NULL),(554,17,'sr','Avantura','2024-11-05 10:47:49','2024-11-05 10:47:49',NULL),(555,17,'sk','Dobrodružstvo','2024-11-05 10:47:49','2024-11-05 10:47:49',NULL),(556,17,'sl','Avantura','2024-11-05 10:47:49','2024-11-05 10:47:49',NULL),(557,17,'sv','Äventyr','2024-11-05 10:47:49','2024-11-05 10:47:49',NULL),(558,17,'tl','Pakikipagsapalaran','2024-11-05 10:47:49','2024-11-05 10:47:49',NULL),(559,17,'tr','Macerası','2024-11-05 10:47:49','2024-11-05 10:47:49',NULL),(560,17,'uk','Пригода','2024-11-05 10:47:49','2024-11-05 10:47:49',NULL),(561,17,'vi','Cuộc phiêu lưu','2024-11-05 10:47:49','2024-11-05 10:47:49',NULL),(562,18,'ar','تمويل','2024-11-05 10:47:49','2024-11-05 10:47:49',NULL),(563,18,'zh-CN','财务','2024-11-05 10:47:49','2024-11-05 10:47:49',NULL),(564,18,'zh-TW','財務','2024-11-05 10:47:49','2024-11-05 10:47:49',NULL),(565,18,'nl','Financiën','2024-11-05 10:47:49','2024-11-05 10:47:49',NULL),(566,18,'en','Finance','2024-11-05 10:47:49','2024-11-05 10:47:49',NULL),(567,18,'fr','Finance','2024-11-05 10:47:49','2024-11-05 10:47:49',NULL),(568,18,'de','Finanzen','2024-11-05 10:47:49','2024-11-05 10:47:49',NULL),(569,18,'it','Finanza','2024-11-05 10:47:49','2024-11-05 10:47:49',NULL),(570,18,'pt','Finanças','2024-11-05 10:47:49','2024-11-05 10:47:49',NULL),(571,18,'es','Finanzas','2024-11-05 10:47:49','2024-11-05 10:47:49',NULL),(572,18,'bn','অর্থায়ন','2024-11-05 10:47:49','2024-11-05 10:47:49',NULL),(573,18,'hr','Financije','2024-11-05 10:47:49','2024-11-05 10:47:49',NULL),(574,18,'cs','Finance','2024-11-05 10:47:49','2024-11-05 10:47:49',NULL),(575,18,'da','Økonomi','2024-11-05 10:47:49','2024-11-05 10:47:49',NULL),(576,18,'el','Οικονομία','2024-11-05 10:47:49','2024-11-05 10:47:49',NULL),(577,18,'he','פיננסים','2024-11-05 10:47:49','2024-11-05 10:47:49',NULL),(578,18,'hi','वित्त','2024-11-05 10:47:49','2024-11-05 10:47:49',NULL),(579,18,'hu','Pénzügy','2024-11-05 10:47:49','2024-11-05 10:47:49',NULL),(580,18,'id','Keuangan','2024-11-05 10:47:49','2024-11-05 10:47:49',NULL),(581,18,'ja','財務','2024-11-05 10:47:49','2024-11-05 10:47:49',NULL),(582,18,'ko','재정','2024-11-05 10:47:49','2024-11-05 10:47:49',NULL),(583,18,'lv','Finanses','2024-11-05 10:47:49','2024-11-05 10:47:49',NULL),(584,18,'lt','Finansai','2024-11-05 10:47:49','2024-11-05 10:47:49',NULL),(585,18,'pl','Finanse','2024-11-05 10:47:49','2024-11-05 10:47:49',NULL),(586,18,'ro','Finanțe','2024-11-05 10:47:49','2024-11-05 10:47:49',NULL),(587,18,'sr','Finansije','2024-11-05 10:47:49','2024-11-05 10:47:49',NULL),(588,18,'sk','Financie','2024-11-05 10:47:49','2024-11-05 10:47:49',NULL),(589,18,'sl','Finance','2024-11-05 10:47:49','2024-11-05 10:47:49',NULL),(590,18,'sv','Finans','2024-11-05 10:47:49','2024-11-05 10:47:49',NULL),(591,18,'tl','Pananalapi','2024-11-05 10:47:49','2024-11-05 10:47:49',NULL),(592,18,'tr','Finans','2024-11-05 10:47:49','2024-11-05 10:47:49',NULL),(593,18,'uk','Фінанси','2024-11-05 10:47:49','2024-11-05 10:47:49',NULL),(594,18,'vi','Tài chính','2024-11-05 10:47:49','2024-11-05 10:47:49',NULL),(595,19,'ar','برمجة','2024-11-05 10:47:49','2024-11-05 10:47:49',NULL),(596,19,'zh-CN','编程','2024-11-05 10:47:49','2024-11-05 10:47:49',NULL),(597,19,'zh-TW','程式','2024-11-05 10:47:49','2024-11-05 10:47:49',NULL),(598,19,'nl','Programmeren','2024-11-05 10:47:49','2024-11-05 10:47:49',NULL),(599,19,'en','Programming','2024-11-05 10:47:49','2024-11-05 10:47:49',NULL),(600,19,'fr','Programmation','2024-11-05 10:47:49','2024-11-05 10:47:49',NULL),(601,19,'de','Programmierung','2024-11-05 10:47:49','2024-11-05 10:47:49',NULL),(602,19,'it','Programmazione','2024-11-05 10:47:49','2024-11-05 10:47:49',NULL),(603,19,'pt','Programação','2024-11-05 10:47:49','2024-11-05 10:47:49',NULL),(604,19,'es','Programación','2024-11-05 10:47:49','2024-11-05 10:47:49',NULL),(605,19,'bn','প্রোগ্রামিং','2024-11-05 10:47:49','2024-11-05 10:47:49',NULL),(606,19,'hr','Programiranje','2024-11-05 10:47:49','2024-11-05 10:47:49',NULL),(607,19,'cs','Programování','2024-11-05 10:47:49','2024-11-05 10:47:49',NULL),(608,19,'da','Programmering','2024-11-05 10:47:49','2024-11-05 10:47:49',NULL),(609,19,'el','Προγραμματισμός','2024-11-05 10:47:49','2024-11-05 10:47:49',NULL),(610,19,'he','תכנות','2024-11-05 10:47:49','2024-11-05 10:47:49',NULL),(611,19,'hi','प्रोग्रामिंग','2024-11-05 10:47:49','2024-11-05 10:47:49',NULL),(612,19,'hu','Programozás','2024-11-05 10:47:49','2024-11-05 10:47:49',NULL),(613,19,'id','Pemrograman','2024-11-05 10:47:49','2024-11-05 10:47:49',NULL),(614,19,'ja','プログラミング','2024-11-05 10:47:49','2024-11-05 10:47:49',NULL),(615,19,'ko','프로그래밍','2024-11-05 10:47:49','2024-11-05 10:47:49',NULL),(616,19,'lv','Programēšana','2024-11-05 10:47:49','2024-11-05 10:47:49',NULL),(617,19,'lt','Programavimas','2024-11-05 10:47:49','2024-11-05 10:47:49',NULL),(618,19,'pl','Programowanie','2024-11-05 10:47:49','2024-11-05 10:47:49',NULL),(619,19,'ro','Programare','2024-11-05 10:47:49','2024-11-05 10:47:49',NULL),(620,19,'sr','Programiranje','2024-11-05 10:47:49','2024-11-05 10:47:49',NULL),(621,19,'sk','Programovanie','2024-11-05 10:47:49','2024-11-05 10:47:49',NULL),(622,19,'sl','Programiranje','2024-11-05 10:47:49','2024-11-05 10:47:49',NULL),(623,19,'sv','Programmering','2024-11-05 10:47:49','2024-11-05 10:47:49',NULL),(624,19,'tl','Pagbuo ng programa','2024-11-05 10:47:49','2024-11-05 10:47:49',NULL),(625,19,'tr','Programlama','2024-11-05 10:47:49','2024-11-05 10:47:49',NULL),(626,19,'uk','Програмування','2024-11-05 10:47:49','2024-11-05 10:47:49',NULL),(627,19,'vi','Lập trình','2024-11-05 10:47:49','2024-11-05 10:47:49',NULL),(628,20,'ar','حديقة','2024-11-05 10:47:49','2024-11-05 10:47:49',NULL),(629,20,'zh-CN','园艺','2024-11-05 10:47:49','2024-11-05 10:47:49',NULL),(630,20,'zh-TW','園藝','2024-11-05 10:47:49','2024-11-05 10:47:49',NULL),(631,20,'nl','Tuinieren','2024-11-05 10:47:49','2024-11-05 10:47:49',NULL),(632,20,'en','Gardening','2024-11-05 10:47:49','2024-11-05 10:47:49',NULL),(633,20,'fr','Jardinage','2024-11-05 10:47:49','2024-11-05 10:47:49',NULL),(634,20,'de','Gartenarbeit','2024-11-05 10:47:49','2024-11-05 10:47:49',NULL),(635,20,'it','Giardinaggio','2024-11-05 10:47:49','2024-11-05 10:47:49',NULL),(636,20,'pt','Jardinagem','2024-11-05 10:47:49','2024-11-05 10:47:49',NULL),(637,20,'es','Jardinería','2024-11-05 10:47:49','2024-11-05 10:47:49',NULL),(638,20,'bn','গার্ডেনিং','2024-11-05 10:47:49','2024-11-05 10:47:49',NULL),(639,20,'hr','Vrtlarstvo','2024-11-05 10:47:49','2024-11-05 10:47:49',NULL),(640,20,'cs','Zahradničení','2024-11-05 10:47:49','2024-11-05 10:47:49',NULL),(641,20,'da','Havearbejde','2024-11-05 10:47:49','2024-11-05 10:47:49',NULL),(642,20,'el','Κηπουρική','2024-11-05 10:47:49','2024-11-05 10:47:49',NULL),(643,20,'he','גינון','2024-11-05 10:47:49','2024-11-05 10:47:49',NULL),(644,20,'hi','बागवानी','2024-11-05 10:47:49','2024-11-05 10:47:49',NULL),(645,20,'hu','Kertészkedés','2024-11-05 10:47:49','2024-11-05 10:47:49',NULL),(646,20,'id','Berkebun','2024-11-05 10:47:49','2024-11-05 10:47:49',NULL),(647,20,'ja','ガーデニング','2024-11-05 10:47:49','2024-11-05 10:47:49',NULL),(648,20,'ko','원예','2024-11-05 10:47:49','2024-11-05 10:47:49',NULL),(649,20,'lv','Dārzs','2024-11-05 10:47:49','2024-11-05 10:47:49',NULL),(650,20,'lt','Sodas','2024-11-05 10:47:49','2024-11-05 10:47:49',NULL),(651,20,'pl','Ogrodnictwo','2024-11-05 10:47:49','2024-11-05 10:47:49',NULL),(652,20,'ro','Grădinărit','2024-11-05 10:47:49','2024-11-05 10:47:49',NULL),(653,20,'sr','Vrtlarstvo','2024-11-05 10:47:49','2024-11-05 10:47:49',NULL),(654,20,'sk','Záhradníctvo','2024-11-05 10:47:49','2024-11-05 10:47:49',NULL),(655,20,'sl','Vrtnarstvo','2024-11-05 10:47:49','2024-11-05 10:47:49',NULL),(656,20,'sv','Trädgårdsskötsel','2024-11-05 10:47:49','2024-11-05 10:47:49',NULL),(657,20,'tl','Paghahardin','2024-11-05 10:47:49','2024-11-05 10:47:49',NULL),(658,20,'tr','Bahçe işleri','2024-11-05 10:47:49','2024-11-05 10:47:49',NULL),(659,20,'uk','Садівництво','2024-11-05 10:47:49','2024-11-05 10:47:49',NULL),(660,20,'vi','Làm vườn','2024-11-05 10:47:49','2024-11-05 10:47:49',NULL);
/*!40000 ALTER TABLE `interests_translations` ENABLE KEYS */;
UNLOCK TABLES;

--
-- Table structure for table `languages`
--

DROP TABLE IF EXISTS `languages`;
/*!40101 SET @saved_cs_client     = @@character_set_client */;
/*!50503 SET character_set_client = utf8mb4 */;
CREATE TABLE `languages` (
  `id` bigint NOT NULL AUTO_INCREMENT,
  `name` varchar(100) NOT NULL,
  `native_name` varchar(100) NOT NULL,
  `iso_code` varchar(10) NOT NULL,
  `created_at` datetime DEFAULT NULL,
  `updated_at` datetime DEFAULT NULL,
  `deleted_at` datetime DEFAULT NULL,
  `visit_name` varchar(100) DEFAULT NULL COMMENT '可见性读取',
  PRIMARY KEY (`id`),
  UNIQUE KEY `iso_code` (`iso_code`)
) ENGINE=InnoDB AUTO_INCREMENT=56 DEFAULT CHARSET=utf8mb4 COLLATE=utf8mb4_0900_ai_ci;
/*!40101 SET character_set_client = @saved_cs_client */;

--
-- Dumping data for table `languages`
--

LOCK TABLES `languages` WRITE;
/*!40000 ALTER TABLE `languages` DISABLE KEYS */;
INSERT INTO `languages` VALUES (1,'Arabic (Israel)','العربية','ar_IL',NULL,NULL,NULL,'阿拉伯语（以色列)'),(2,'Arabic (Egypt)','العربية','ar_EG',NULL,NULL,NULL,'阿拉伯语（埃及)'),(3,'Chinese Simplified','中文','zh_CN',NULL,NULL,NULL,'中文简体'),(4,'Chinese Tradition','中文','zh_TW',NULL,NULL,NULL,'中文繁体'),(5,'Cantonese','粤语','zh_HK',NULL,NULL,NULL,'中文（香港)'),(6,'Dutch (Netherlands)','Nederlands','nl_NL',NULL,NULL,NULL,'荷兰语'),(7,'Dutch (Belgium)','Nederlands','nl_BE',NULL,NULL,NULL,'荷兰语（比利时)'),(8,'English (United States)','English','en_US',NULL,NULL,NULL,'英语（美国)'),(9,'English (Australia)','English','en_AU',NULL,NULL,NULL,'英语（澳大利亚)'),(10,'English (Canada)','English','en_CA',NULL,NULL,NULL,'英语（加拿大)'),(11,'English (India)','English','en_IN',NULL,NULL,NULL,'英语（印度)'),(12,'English (Ireland)','English','en_IE',NULL,NULL,NULL,'英语（爱尔兰)'),(13,'English (New Zealand)','English','en_NZ',NULL,NULL,NULL,'英语（新西兰)'),(14,'English (Singapore)','English','en_SG',NULL,NULL,NULL,'英语（新加坡)'),(15,'English (South Africa)','English','en_ZA',NULL,NULL,NULL,'英语（南非)'),(16,'English (United Kingdom)','English','en_GB',NULL,NULL,NULL,'英语（英国)'),(17,'French','Français','fr_FR',NULL,NULL,NULL,'法语'),(18,'French (Belgium)','Français','fr_BE',NULL,NULL,NULL,'法语（比利时)'),(19,'French (Canada)','Français','fr_CA',NULL,NULL,NULL,'法语（加拿大)'),(20,'French (Switzerland)','Français','fr_CH',NULL,NULL,NULL,'法语（瑞士)'),(21,'German','Deutsch','de_DE',NULL,NULL,NULL,'德语'),(22,'German (Liechtenstein)','Deutsch','de_LI',NULL,NULL,NULL,'德语（列支敦斯登)'),(23,'German (Austria)','Deutsch','de_AT',NULL,NULL,NULL,'德语（奥地利)'),(24,'German (Switzerland)','Deutsch','de_CH',NULL,NULL,NULL,'德语（瑞士)'),(25,'Italian','Italiano','it_IT',NULL,NULL,NULL,'意大利语'),(26,'Italian (Switzerland)','Italiano','it_CH',NULL,NULL,NULL,'意大利语（瑞士)'),(27,'Portuguese (Brazil)','Protuguês','pt_BR',NULL,NULL,NULL,'葡萄牙语（巴西）'),(28,'Portuguese','Protuguês','pt_PT',NULL,NULL,NULL,'葡萄牙语'),(29,'Spanish','Español','es_ES',NULL,NULL,NULL,'西班牙语'),(30,'Spanish (United States)','Español','es_US',NULL,NULL,NULL,'西班牙语（美国)'),(31,'Bengali','বাংলা','bn_BD',NULL,NULL,NULL,'孟加拉语'),(32,'Bengali (India)','বাংলা','bn_IN',NULL,NULL,NULL,'孟加拉语（印度)'),(33,'Croatian','hrvatski','hr_HR',NULL,NULL,NULL,'克罗地亚语'),(34,'Czech','čeština','cs_CZ',NULL,NULL,NULL,'捷克语'),(35,'Danish','Dansk','da_DK',NULL,NULL,NULL,'丹麦语'),(36,'Greek','ελληνικά','el_GR',NULL,NULL,NULL,'希腊语'),(37,'Hebrew (Israel)','עברית','he_IL',NULL,NULL,NULL,'希伯来语（以色列)'),(38,'Hebrew (Israel)','עברית','iw_IL',NULL,NULL,NULL,'希伯来语（以色列)'),(39,'Hindi','हिंदी','hi_IN',NULL,NULL,NULL,'印度语'),(40,'Hungarian','Magyar','hu_HU',NULL,NULL,NULL,'匈牙利语'),(41,'Indonesian','','in_ID',NULL,NULL,NULL,'印度尼西亚语'),(42,'Japanese','日本語','ja_JP',NULL,NULL,NULL,'日语'),(43,'Korean','한국어','ko_KR',NULL,NULL,NULL,'韩语'),(44,'Latvian','latviešu','lv_LV',NULL,NULL,NULL,'拉脱维亚语'),(45,'Lithuanian','lietuvių','lt_LT',NULL,NULL,NULL,'立陶宛语'),(46,'Polish','polski','pl_PL',NULL,NULL,NULL,'波兰语'),(47,'Romanian','limba română','ro_RO',NULL,NULL,NULL,'罗马尼亚语'),(48,'Serbian','српски','sr_RS',NULL,NULL,NULL,'塞尔维亚语'),(49,'Slovak','slovenčina','sk_SK',NULL,NULL,NULL,'斯洛伐克语'),(50,'Slovenian','slovenščina','sl_SI',NULL,NULL,NULL,'斯洛文尼亚语'),(51,'Swedish','svenska','sv_SE',NULL,NULL,NULL,'瑞典语'),(52,'Tagalog','Filipino','tl_PH',NULL,NULL,NULL,'菲律宾语'),(53,'Turkish','Türkçe','tr_TR',NULL,NULL,NULL,'土耳其语'),(54,'Ukrainian','українська','uk_UA',NULL,NULL,NULL,'乌克兰语'),(55,'Vietnamese','Tiếng Việt','vi_VN',NULL,NULL,NULL,'越南语');
/*!40000 ALTER TABLE `languages` ENABLE KEYS */;
UNLOCK TABLES;

--
-- Table structure for table `third_party_auth`
--

DROP TABLE IF EXISTS `third_party_auth`;
/*!40101 SET @saved_cs_client     = @@character_set_client */;
/*!50503 SET character_set_client = utf8mb4 */;
CREATE TABLE `third_party_auth` (
  `id` bigint NOT NULL AUTO_INCREMENT,
  `user_id` bigint NOT NULL,
  `provider` varchar(50) NOT NULL,
  `provider_user_id` varchar(255) NOT NULL,
  `created_at` datetime DEFAULT NULL,
  `updated_at` datetime DEFAULT NULL,
  `deleted_at` datetime DEFAULT NULL,
  PRIMARY KEY (`id`),
  KEY `user_id` (`user_id`),
  CONSTRAINT `third_party_auth_ibfk_1` FOREIGN KEY (`user_id`) REFERENCES `users` (`id`) ON DELETE CASCADE
) ENGINE=InnoDB DEFAULT CHARSET=utf8mb4 COLLATE=utf8mb4_0900_ai_ci;
/*!40101 SET character_set_client = @saved_cs_client */;

--
-- Dumping data for table `third_party_auth`
--

LOCK TABLES `third_party_auth` WRITE;
/*!40000 ALTER TABLE `third_party_auth` DISABLE KEYS */;
/*!40000 ALTER TABLE `third_party_auth` ENABLE KEYS */;
UNLOCK TABLES;

--
-- Table structure for table `user_devices`
--

DROP TABLE IF EXISTS `user_devices`;
/*!40101 SET @saved_cs_client     = @@character_set_client */;
/*!50503 SET character_set_client = utf8mb4 */;
CREATE TABLE `user_devices` (
  `id` bigint NOT NULL AUTO_INCREMENT,
  `user_id` bigint NOT NULL,
  `device_token` varchar(255) NOT NULL,
  `device_type` enum('iOS','Android','Web') NOT NULL,
  `ip_address` varchar(255) NOT NULL,
  `created_at` datetime DEFAULT NULL,
  `updated_at` datetime DEFAULT NULL,
  `deleted_at` datetime DEFAULT NULL,
  `last_active` timestamp NULL DEFAULT CURRENT_TIMESTAMP,
  PRIMARY KEY (`id`),
  UNIQUE KEY `device_token` (`device_token`),
  KEY `user_id` (`user_id`),
  CONSTRAINT `user_devices_ibfk_1` FOREIGN KEY (`user_id`) REFERENCES `users` (`id`) ON DELETE CASCADE
) ENGINE=InnoDB AUTO_INCREMENT=19 DEFAULT CHARSET=utf8mb4 COLLATE=utf8mb4_0900_ai_ci;
/*!40101 SET character_set_client = @saved_cs_client */;

--
-- Dumping data for table `user_devices`
--

LOCK TABLES `user_devices` WRITE;
/*!40000 ALTER TABLE `user_devices` DISABLE KEYS */;
INSERT INTO `user_devices` VALUES (18,18,'eea01a17-3f07-5151-8fee-2968dffeaeff','Android','192.168.2.70','2024-12-28 16:46:07','2024-12-28 16:46:07',NULL,'2024-12-28 09:46:06');
/*!40000 ALTER TABLE `user_devices` ENABLE KEYS */;
UNLOCK TABLES;

--
-- Table structure for table `user_interests`
--

DROP TABLE IF EXISTS `user_interests`;
/*!40101 SET @saved_cs_client     = @@character_set_client */;
/*!50503 SET character_set_client = utf8mb4 */;
CREATE TABLE `user_interests` (
  `user_id` bigint NOT NULL,
  `tag_id` bigint NOT NULL,
  `created_at` datetime DEFAULT NULL,
  `updated_at` datetime DEFAULT NULL,
  `deleted_at` datetime DEFAULT NULL,
  PRIMARY KEY (`user_id`,`tag_id`),
  KEY `tag_id` (`tag_id`),
  CONSTRAINT `user_interests_ibfk_1` FOREIGN KEY (`user_id`) REFERENCES `users` (`id`),
  CONSTRAINT `user_interests_ibfk_2` FOREIGN KEY (`tag_id`) REFERENCES `interests` (`id`)
) ENGINE=InnoDB DEFAULT CHARSET=utf8mb4 COLLATE=utf8mb4_0900_ai_ci;
/*!40101 SET character_set_client = @saved_cs_client */;

--
-- Dumping data for table `user_interests`
--

LOCK TABLES `user_interests` WRITE;
/*!40000 ALTER TABLE `user_interests` DISABLE KEYS */;
INSERT INTO `user_interests` VALUES (18,6,'2024-12-28 17:10:29','2024-12-28 17:10:29',NULL),(18,10,'2024-12-28 17:10:29','2024-12-28 17:10:29',NULL);
/*!40000 ALTER TABLE `user_interests` ENABLE KEYS */;
UNLOCK TABLES;

--
-- Table structure for table `user_languages`
--

DROP TABLE IF EXISTS `user_languages`;
/*!40101 SET @saved_cs_client     = @@character_set_client */;
/*!50503 SET character_set_client = utf8mb4 */;
CREATE TABLE `user_languages` (
  `user_id` bigint NOT NULL,
  `language_id` bigint NOT NULL,
  `language_level` varchar(50) DEFAULT NULL,
  `created_at` datetime DEFAULT CURRENT_TIMESTAMP,
  `updated_at` datetime DEFAULT CURRENT_TIMESTAMP,
  `deleted_at` datetime DEFAULT NULL,
  PRIMARY KEY (`user_id`,`language_id`),
  KEY `language_id` (`language_id`),
  CONSTRAINT `user_languages_ibfk_1` FOREIGN KEY (`user_id`) REFERENCES `users` (`id`) ON DELETE CASCADE,
  CONSTRAINT `user_languages_ibfk_2` FOREIGN KEY (`language_id`) REFERENCES `languages` (`id`) ON DELETE CASCADE
) ENGINE=InnoDB DEFAULT CHARSET=utf8mb4 COLLATE=utf8mb4_0900_ai_ci;
/*!40101 SET character_set_client = @saved_cs_client */;

--
-- Dumping data for table `user_languages`
--

LOCK TABLES `user_languages` WRITE;
/*!40000 ALTER TABLE `user_languages` DISABLE KEYS */;
INSERT INTO `user_languages` VALUES (18,3,'0','2024-12-28 17:10:29','2024-12-28 17:10:29',NULL);
/*!40000 ALTER TABLE `user_languages` ENABLE KEYS */;
UNLOCK TABLES;

--
-- Table structure for table `users`
--

DROP TABLE IF EXISTS `users`;
/*!40101 SET @saved_cs_client     = @@character_set_client */;
/*!50503 SET character_set_client = utf8mb4 */;
CREATE TABLE `users` (
  `id` bigint NOT NULL AUTO_INCREMENT,
  `email` varchar(255) DEFAULT NULL,
  `username` varchar(100) NOT NULL,
  `password_hash` varchar(255) DEFAULT NULL,
  `profile_picture` varchar(255) DEFAULT NULL,
  `native_language_id` bigint DEFAULT NULL,
  `age` int DEFAULT NULL,
  `gender` enum('male','female','other') DEFAULT NULL,
  `country_id` bigint DEFAULT NULL,
  `registration_date` timestamp NULL DEFAULT CURRENT_TIMESTAMP,
  `last_login` timestamp NULL DEFAULT NULL,
  `status` enum('active','inactive','banned') DEFAULT 'active',
  `email_verified` tinyint(1) DEFAULT '0',
  `verification_token` varchar(255) DEFAULT NULL,
  `token_expiration` timestamp NULL DEFAULT NULL,
  `created_at` datetime DEFAULT NULL,
  `updated_at` datetime DEFAULT NULL,
  `deleted_at` datetime DEFAULT NULL,
  `birth_date` datetime DEFAULT NULL,
  PRIMARY KEY (`id`),
  UNIQUE KEY `email` (`email`),
  KEY `native_language_id` (`native_language_id`),
  KEY `country_id` (`country_id`),
  CONSTRAINT `users_ibfk_1` FOREIGN KEY (`native_language_id`) REFERENCES `languages` (`id`) ON DELETE SET NULL,
  CONSTRAINT `users_ibfk_3` FOREIGN KEY (`country_id`) REFERENCES `countries` (`id`) ON DELETE SET NULL
) ENGINE=InnoDB AUTO_INCREMENT=19 DEFAULT CHARSET=utf8mb4 COLLATE=utf8mb4_0900_ai_ci;
/*!40101 SET character_set_client = @saved_cs_client */;

--
-- Dumping data for table `users`
--

LOCK TABLES `users` WRITE;
/*!40000 ALTER TABLE `users` DISABLE KEYS */;
INSERT INTO `users` VALUES (18,'jiahua.2671@gmail.com','there','$2a$10$UVroo3TFRvBlqZLLQMEljOg7Yfrh5KIBrAGjjR1WDZ.dMCKmgELKe','https://cdn.pixabay.com/photo/2024/01/25/10/50/mosque-8531576_1280.jpg',9,9,'female',5,'2024-12-28 10:10:29',NULL,'active',1,NULL,NULL,'2024-12-28 16:46:07','2024-12-28 17:10:29',NULL,'2015-12-28 00:00:00');
/*!40000 ALTER TABLE `users` ENABLE KEYS */;
UNLOCK TABLES;
/*!40103 SET TIME_ZONE=@OLD_TIME_ZONE */;

/*!40101 SET SQL_MODE=@OLD_SQL_MODE */;
/*!40014 SET FOREIGN_KEY_CHECKS=@OLD_FOREIGN_KEY_CHECKS */;
/*!40014 SET UNIQUE_CHECKS=@OLD_UNIQUE_CHECKS */;
/*!40101 SET CHARACTER_SET_CLIENT=@OLD_CHARACTER_SET_CLIENT */;
/*!40101 SET CHARACTER_SET_RESULTS=@OLD_CHARACTER_SET_RESULTS */;
/*!40101 SET COLLATION_CONNECTION=@OLD_COLLATION_CONNECTION */;
/*!40111 SET SQL_NOTES=@OLD_SQL_NOTES */;

-- Dump completed on 2024-12-28 17:57:05
